observationunit_name,Canopy NDVI - UAS - index|day 290|COMP:0000100,Canopy NDVI - UAS - index|day 320|COMP:0000101,Canopy NDVI - UAS - index|day 92|COMP:0000102,Canopy NDVI - UAS - index|day 111|COMP:0000096,Canopy NDVI - UAS - index|day 133|COMP:0000097,Canopy NDVI - UAS - index|day 166|COMP:0000098,Canopy NDVI - UAS - index|day 190|COMP:0000099,Canopy NDVI - UAS - standard deviation|day 290|COMP:0000107,Canopy NDVI - UAS - standard deviation|day 320|COMP:0000108,Canopy NDVI - UAS - standard deviation|day 92|COMP:0000109,Canopy NDVI - UAS - standard deviation|day 111|COMP:0000103,Canopy NDVI - UAS - standard deviation|day 133|COMP:0000104,Canopy NDVI - UAS - standard deviation|day 166|COMP:0000105,Canopy NDVI - UAS - standard deviation|day 190|COMP:0000106
Cornell_WinterOatPeaIntercrop_2024_Ithaca-PLOT_323_subplot_2,0.052959129,0.156810316,0.150760246,0.287776625,0.275074117,0.284668867,-0.012478432,0.029788075,0.09705467,0.191556634,0.179711702,0.15036757,0.048266633,0.068119876
Cornell_WinterOatPeaIntercrop_2024_Ithaca-PLOT_322_subplot_2,0.064474662,0.097420259,-0.040182563,-0.000397223,-0.009447995,0.480071457,0.079674839,0.026332049,0.068761498,0.065585514,0.113762445,0.151937535,0.09753619,0.107375317
Cornell_WinterOatPeaIntercrop_2024_Ithaca-PLOT_295_subplot_2,0.0693304,0.159146174,0.140876306,0.216551829,0.291736969,0.381818607,0.068225596,0.030529785,0.109643841,0.176651177,0.18403727,0.146714323,0.062480025,0.066208629
Cornell_WinterOatPeaIntercrop_2024_Ithaca-PLOT_294_subplot_2,0.088310865,0.311603793,0.307656901,0.380074672,0.430466898,0.343725533,0.045878114,0.037223091,0.164426254,0.169421363,0.153590761,0.092622669,0.087667637,0.075790597
Cornell_WinterOatPeaIntercrop_2024_Ithaca-PLOT_267_subplot_2,0.070643194,0.15387862,0.160321721,0.254459494,0.290103427,0.317572245,0.067133719,0.030314961,0.119729065,0.211539299,0.215507462,0.153480796,0.052988836,0.08995274
Cornell_WinterOatPeaIntercrop_2024_Ithaca-PLOT_266_subplot_2,0.059249091,0.083713505,-0.000502684,0.035557479,0.092737534,0.498028325,0.053158508,0.026241276,0.090495346,0.131618295,0.165756494,0.189970938,0.069307533,0.072419982
Cornell_WinterOatPeaIntercrop_2024_Ithaca-PLOT_239_subplot_2,0.068258381,0.191247289,0.231222518,0.34667217,0.392600509,0.37285378,-0.000917837,0.026721699,0.143401643,0.201605519,0.185020038,0.132322978,0.038624432,0.049101623
Cornell_WinterOatPeaIntercrop_2024_Ithaca-PLOT_238_subplot_2,0.066250576,0.153465219,0.272683522,0.381854415,0.393450504,0.276399423,0.033144922,0.030439043,0.128259965,0.20541533,0.182043761,0.126069415,0.03569927,0.066943857
Cornell_WinterOatPeaIntercrop_2024_Ithaca-PLOT_211_subplot_2,0.051646921,0.148452538,0.172822104,0.279508556,0.385299171,0.544653619,0.038963782,0.02675504,0.147853286,0.209636988,0.218309142,0.1579913,0.049462087,0.076932095
Cornell_WinterOatPeaIntercrop_2024_Ithaca-PLOT_210_subplot_2,0.047366678,0.105725947,0.150466963,0.231529201,0.284358246,0.317829301,0.056927727,0.024150906,0.096564057,0.191478156,0.196853964,0.168680384,0.061365452,0.062837531
Cornell_WinterOatPeaIntercrop_2024_Ithaca-PLOT_183_subplot_2,0.066050723,0.196774166,0.272544456,0.391640602,0.423881235,0.266524908,0.073042415,0.029650523,0.112397111,0.170805178,0.140967901,0.093261859,0.038583813,0.072068229
Cornell_WinterOatPeaIntercrop_2024_Ithaca-PLOT_182_subplot_2,-0.11261892,0.174022426,0.21026499,0.322695914,0.412216693,0.387106304,0.120809521,0.039338019,0.124978535,0.172123428,0.152757371,0.117216744,0.04902386,0.099365022
Cornell_WinterOatPeaIntercrop_2024_Ithaca-PLOT_324_subplot_2,0.066221371,0.161812944,0.168501435,0.320714102,0.274461941,0.287287265,0.009404001,0.032335984,0.103951913,0.180560632,0.17034721,0.161555523,0.054264179,0.060408755
Cornell_WinterOatPeaIntercrop_2024_Ithaca-PLOT_321_subplot_2,0.064252756,0.067865101,-0.067547169,-0.058809332,-0.077264105,0.464104463,0.156340551,0.029883357,0.056319652,0.059150828,0.097023241,0.157144825,0.097874527,0.150068538
Cornell_WinterOatPeaIntercrop_2024_Ithaca-PLOT_296_subplot_2,0.071474562,0.152969038,0.141653019,0.227988872,0.24175929,0.276904222,0.070404678,0.031089225,0.101480297,0.183793448,0.189594607,0.158653508,0.045281185,0.059914512
Cornell_WinterOatPeaIntercrop_2024_Ithaca-PLOT_293_subplot_2,0.072411576,0.158613738,0.201253593,0.293126248,0.287807414,0.170338794,0.096574508,0.030724015,0.123453316,0.177507338,0.160986792,0.139616499,0.049841702,0.067601927
Cornell_WinterOatPeaIntercrop_2024_Ithaca-PLOT_268_subplot_2,0.075651295,0.225040233,0.191858323,0.329082644,0.344692935,0.392387541,0.092719255,0.033522659,0.164081356,0.219134852,0.207810546,0.164472935,0.069001425,0.082199631
Cornell_WinterOatPeaIntercrop_2024_Ithaca-PLOT_265_subplot_2,0.063741633,0.032717148,-0.065014981,0.009248731,0.043374875,0.546046279,0.040213506,0.02870419,0.07349714,0.105553827,0.144463812,0.173051894,0.050904458,0.067550488
Cornell_WinterOatPeaIntercrop_2024_Ithaca-PLOT_240_subplot_2,0.062468579,0.127462753,0.186178721,0.347607266,0.360801632,0.349607637,-0.016993025,0.027475547,0.111899835,0.205314511,0.166705496,0.122727844,0.0386234,0.048637284
Cornell_WinterOatPeaIntercrop_2024_Ithaca-PLOT_237_subplot_2,0.070450365,0.173075135,0.236880812,0.394457262,0.396787561,0.31641859,0.070172058,0.031707076,0.142615174,0.197800659,0.159219032,0.101585317,0.04764541,0.076334297
Cornell_WinterOatPeaIntercrop_2024_Ithaca-PLOT_212_subplot_2,0.051524418,0.102327734,0.135831533,0.269925038,0.325217497,0.400460925,0.021881344,0.025150633,0.118303874,0.214474778,0.212754151,0.162887359,0.058494367,0.065059274
Cornell_WinterOatPeaIntercrop_2024_Ithaca-PLOT_209_subplot_2,0.059737449,0.178361751,0.243324407,0.386573622,0.427670245,0.414563026,0.07521556,0.027212571,0.143605013,0.192802838,0.164757073,0.125005909,0.065559628,0.075820123
Cornell_WinterOatPeaIntercrop_2024_Ithaca-PLOT_184_subplot_2,0.088334254,0.267167645,0.271897916,0.396520469,0.454297801,0.468281693,0.004778062,0.034536014,0.141655521,0.180604206,0.152869228,0.091708328,0.06960926,0.08903118
Cornell_WinterOatPeaIntercrop_2024_Ithaca-PLOT_181_subplot_2,-0.105069928,0.206516313,0.2192733,0.338765169,0.467899951,0.52600126,0.044482482,0.039726035,0.159043977,0.174664521,0.163281534,0.113620603,0.067534727,0.090909111
Cornell_WinterOatPeaIntercrop_2024_Ithaca-PLOT_325_subplot_2,0.064057983,0.169082198,0.148291657,0.29511606,0.25235236,0.27043921,-0.025401615,0.030753796,0.089887415,0.165361167,0.150026623,0.141806313,0.062811556,0.050485227
Cornell_WinterOatPeaIntercrop_2024_Ithaca-PLOT_320_subplot_2,0.060254945,0.077603671,-0.067360134,-0.023422239,-0.016548732,0.540044281,0.07703129,0.027752979,0.07043247,0.094126411,0.13420891,0.169279215,0.052716245,0.116366008
Cornell_WinterOatPeaIntercrop_2024_Ithaca-PLOT_297_subplot_2,0.06453984,0.218171829,0.229741473,0.327316923,0.318024562,0.405461589,0.061067075,0.029027549,0.114779505,0.162931056,0.149344529,0.128721238,0.064132192,0.078585491
Cornell_WinterOatPeaIntercrop_2024_Ithaca-PLOT_292_subplot_2,0.070846186,0.198328594,0.160321961,0.25492854,0.197227454,0.279249052,0.144000336,0.030347436,0.122406151,0.161311194,0.15371363,0.144526324,0.050362391,0.102521443
Cornell_WinterOatPeaIntercrop_2024_Ithaca-PLOT_269_subplot_2,0.063296523,0.148836466,0.121161553,0.283835832,0.279836733,0.292530567,0.100700338,0.028107567,0.113152931,0.184737043,0.18016682,0.143898051,0.056340632,0.082162454
Cornell_WinterOatPeaIntercrop_2024_Ithaca-PLOT_264_subplot_2,0.060745476,0.130761133,0.141474183,0.327775279,0.3558358,0.30037031,0.075419722,0.029089575,0.122297675,0.196370308,0.176248511,0.141826492,0.045714871,0.063342102
Cornell_WinterOatPeaIntercrop_2024_Ithaca-PLOT_241_subplot_2,0.058181254,0.11314749,0.13427246,0.314350514,0.334793745,0.341973543,0.048802031,0.026112945,0.112304292,0.21158109,0.194782748,0.15782033,0.046858693,0.048236592
Cornell_WinterOatPeaIntercrop_2024_Ithaca-PLOT_236_subplot_2,0.050740344,0.090769059,0.07834531,0.252822124,0.29905122,0.440011398,0.038195704,0.025843962,0.111658385,0.191641789,0.181280205,0.163115653,0.055707909,0.067333285
Cornell_WinterOatPeaIntercrop_2024_Ithaca-PLOT_213_subplot_2,0.057204441,0.237785754,0.289357307,0.414429663,0.413081086,0.226433694,0.063214341,0.029554825,0.140791879,0.165981136,0.138006658,0.094411989,0.062338518,0.069039028
Cornell_WinterOatPeaIntercrop_2024_Ithaca-PLOT_208_subplot_2,0.044580542,0.172172922,0.208357112,0.407209558,0.46886727,0.417902097,0.032849867,0.024545688,0.132739951,0.196227254,0.166878859,0.094099973,0.069125043,0.067244012
Cornell_WinterOatPeaIntercrop_2024_Ithaca-PLOT_185_subplot_2,0.056100556,0.196240476,0.254006151,0.444871649,0.521017166,0.522602668,-0.018992972,0.026531201,0.137762813,0.204820557,0.158509067,0.087214096,0.076354534,0.063889143
Cornell_WinterOatPeaIntercrop_2024_Ithaca-PLOT_180_subplot_2,-0.104832729,0.140803243,0.314278801,0.431405062,0.386057769,0.24302677,0.030637452,0.037640647,0.12740713,0.167089504,0.142264522,0.09855511,0.051204738,0.075775306
Cornell_WinterOatPeaIntercrop_2024_Ithaca-PLOT_359_subplot_2,0.075477418,0.220603895,0.2205757,0.393508375,0.407127412,0.192042228,0.042821071,0.036237045,0.108707824,0.189533082,0.155534344,0.110645079,0.029385921,0.047747735
Cornell_WinterOatPeaIntercrop_2024_Ithaca-PLOT_358_subplot_2,0.060578418,0.390778709,0.350417373,0.484869717,0.44883076,0.167300878,0.04660375,0.03094512,0.13685501,0.155610267,0.12828858,0.080086974,0.075849287,0.057766487
Cornell_WinterOatPeaIntercrop_2024_Ithaca-PLOT_326_subplot_2,0.059629907,0.239826377,0.208357484,0.347548829,0.340028918,0.34434954,0.012560013,0.030454648,0.111306297,0.176020087,0.163494915,0.149655438,0.075296554,0.069450444
Cornell_WinterOatPeaIntercrop_2024_Ithaca-PLOT_319_subplot_2,0.055999539,0.070953313,-0.116543616,-0.109894077,-0.125484466,0.433894689,0.20910393,0.02875115,0.062430292,0.03930283,0.063463118,0.118883637,0.108329371,0.171472562
Cornell_WinterOatPeaIntercrop_2024_Ithaca-PLOT_298_subplot_2,0.05696635,0.144871589,0.138141778,0.227692919,0.252921033,0.296392067,0.060347584,0.02862879,0.090661769,0.163243636,0.159032412,0.132629875,0.040337144,0.085371603
Cornell_WinterOatPeaIntercrop_2024_Ithaca-PLOT_291_subplot_2,0.077177553,0.255910565,0.226338644,0.318247605,0.287349609,0.26139092,0.039913269,0.030181583,0.136542284,0.149816573,0.13671586,0.107117079,0.042438091,0.055971789
Cornell_WinterOatPeaIntercrop_2024_Ithaca-PLOT_270_subplot_2,0.055237275,0.150359453,0.103132694,0.268655385,0.296928315,0.296591068,0.150585787,0.027834642,0.116693399,0.187394319,0.178017071,0.126481935,0.058013261,0.097801192
Cornell_WinterOatPeaIntercrop_2024_Ithaca-PLOT_263_subplot_2,0.050085462,0.170163797,0.149767276,0.315648767,0.434051287,0.435055737,0.056399385,0.026542144,0.131967832,0.188564705,0.173315346,0.102075081,0.061534029,0.074285693
Cornell_WinterOatPeaIntercrop_2024_Ithaca-PLOT_242_subplot_2,0.052719664,0.16719187,0.158198252,0.335456058,0.400595272,0.452571611,0.090914029,0.027983199,0.144683648,0.218962779,0.192474348,0.137013499,0.066772224,0.065393684
Cornell_WinterOatPeaIntercrop_2024_Ithaca-PLOT_235_subplot_2,0.039234711,0.103617728,0.083680908,0.242532342,0.282552083,0.469685714,0.077051212,0.020777852,0.135471349,0.199435216,0.187030569,0.162493986,0.058066361,0.084164425
Cornell_WinterOatPeaIntercrop_2024_Ithaca-PLOT_214_subplot_2,0.05201562,0.267756899,0.235738993,0.364058392,0.41432796,0.355367623,0.08042351,0.024937937,0.150105261,0.170638263,0.144714114,0.096353022,0.075992394,0.091398254
Cornell_WinterOatPeaIntercrop_2024_Ithaca-PLOT_207_subplot_2,0.045065893,0.137679365,0.125897613,0.314151253,0.40305097,0.307476542,0.061688107,0.024024088,0.115297628,0.188081094,0.171359728,0.100879733,0.03212551,0.063902195
Cornell_WinterOatPeaIntercrop_2024_Ithaca-PLOT_186_subplot_2,0.063517327,0.133520362,0.112697524,0.277488501,0.340658735,0.276489315,0.02053767,0.027997726,0.109293557,0.212097701,0.201822544,0.153545091,0.044090063,0.065102632
Cornell_WinterOatPeaIntercrop_2024_Ithaca-PLOT_179_subplot_2,-0.069476584,0.188458177,0.326997355,0.42943858,0.483469385,0.504391709,-0.055247426,0.036097527,0.139304214,0.176282258,0.162614901,0.077061685,0.062742492,0.059926144
Cornell_WinterOatPeaIntercrop_2024_Ithaca-PLOT_360_subplot_2,0.087454254,0.245679271,0.208102407,0.368082427,0.454810224,0.446137923,0.01584494,0.044601018,0.127417672,0.188899851,0.172356981,0.134317882,0.077612214,0.064596802
Cornell_WinterOatPeaIntercrop_2024_Ithaca-PLOT_357_subplot_2,0.07147591,0.290224178,0.165379087,0.26855061,0.250414022,0.055347541,0.044195918,0.035455901,0.111655567,0.168902755,0.150298366,0.124102597,0.043857114,0.061422939
Cornell_WinterOatPeaIntercrop_2024_Ithaca-PLOT_327_subplot_2,0.075191657,0.231950212,0.159310666,0.238016813,0.209861916,0.231816931,0.023933803,0.031109253,0.09020704,0.154116654,0.151812433,0.143119713,0.043540124,0.056938668
Cornell_WinterOatPeaIntercrop_2024_Ithaca-PLOT_318_subplot_2,0.073117051,0.205908844,0.130325564,0.201519192,0.340700085,0.372818841,0.013199645,0.033443273,0.11072696,0.175258432,0.175292141,0.135778353,0.074020164,0.062931684
Cornell_WinterOatPeaIntercrop_2024_Ithaca-PLOT_299_subplot_2,0.079573148,0.184299678,0.143597947,0.190732938,0.228782669,0.224474448,0.032904666,0.030038744,0.093642115,0.164912036,0.169341902,0.13182969,0.048780862,0.089138066
Cornell_WinterOatPeaIntercrop_2024_Ithaca-PLOT_290_subplot_2,0.105357207,0.101053606,-0.070487729,-0.033697595,0.1214379,0.580393099,0.046146752,0.030941457,0.076174785,0.095872515,0.133817734,0.198653696,0.066816572,0.102954473
Cornell_WinterOatPeaIntercrop_2024_Ithaca-PLOT_271_subplot_2,0.073861186,0.165902449,0.101926373,0.260312107,0.297555867,0.198663148,0.076766798,0.035268432,0.112565924,0.19004229,0.177253095,0.146673531,0.042817308,0.060063196
Cornell_WinterOatPeaIntercrop_2024_Ithaca-PLOT_262_subplot_2,0.072383094,0.199483701,0.205498493,0.337424912,0.376290363,0.359150514,0.084400286,0.032131762,0.124091173,0.178380008,0.159893288,0.124717345,0.049373057,0.066730648
Cornell_WinterOatPeaIntercrop_2024_Ithaca-PLOT_243_subplot_2,0.07943331,0.216906175,0.203790159,0.332210422,0.422849204,0.478124266,0.0863936,0.041761788,0.14826144,0.149783348,0.137941466,0.098135541,0.04772912,0.077299027
Cornell_WinterOatPeaIntercrop_2024_Ithaca-PLOT_234_subplot_2,0.054719427,0.121282548,0.138737187,0.288177307,0.37681399,0.375380351,0.128693893,0.026823746,0.129970677,0.217307042,0.204506348,0.152406415,0.067285665,0.085109019
Cornell_WinterOatPeaIntercrop_2024_Ithaca-PLOT_215_subplot_2,0.054288436,0.209169647,0.199206714,0.363517581,0.391793998,0.412981444,0.097948616,0.025130872,0.140103502,0.198611841,0.170416366,0.117099713,0.059287287,0.076541508
Cornell_WinterOatPeaIntercrop_2024_Ithaca-PLOT_206_subplot_2,0.071069397,0.155458983,0.125803623,0.272699675,0.350255835,0.3318073,0.084212909,0.032090247,0.117645125,0.202151886,0.196041379,0.154165067,0.037362978,0.070734897
Cornell_WinterOatPeaIntercrop_2024_Ithaca-PLOT_187_subplot_2,0.099949666,0.260694811,0.127318041,0.195092609,0.23072066,0.448692376,-0.044600366,0.04871394,0.161800841,0.17844388,0.16127537,0.121651123,0.097112657,0.056948893
Cornell_WinterOatPeaIntercrop_2024_Ithaca-PLOT_178_subplot_2,-0.05719997,0.002860519,-0.003213582,0.066805479,0.37605663,0.588263532,-0.024127982,0.03092739,0.105356774,0.136884725,0.175875592,0.121130477,0.034304299,0.054495426
Cornell_WinterOatPeaIntercrop_2024_Ithaca-PLOT_361_subplot_2,0.088897896,0.098728285,-0.030985654,0.086989777,0.390354075,0.584403885,0.012801523,0.041883439,0.08972054,0.115257414,0.155953366,0.154944802,0.045232133,0.050304598
Cornell_WinterOatPeaIntercrop_2024_Ithaca-PLOT_356_subplot_2,0.087279004,0.287244313,0.181513422,0.259298104,0.291179068,0.356299977,0.043848344,0.035466707,0.115923308,0.166483681,0.154307103,0.151810566,0.096419603,0.054373877
Cornell_WinterOatPeaIntercrop_2024_Ithaca-PLOT_328_subplot_2,0.090054425,0.285376744,0.218027494,0.273945433,0.268587401,0.261721399,0.050796476,0.037068081,0.123140478,0.1527063,0.149482251,0.139412131,0.050052861,0.0688913
Cornell_WinterOatPeaIntercrop_2024_Ithaca-PLOT_317_subplot_2,0.087163226,0.159174859,0.138898487,0.202695719,0.290497486,0.272297084,0.015441812,0.034895993,0.095106563,0.175598621,0.172625872,0.139756873,0.050941598,0.055241188
Cornell_WinterOatPeaIntercrop_2024_Ithaca-PLOT_300_subplot_2,0.09062742,0.210369791,0.210716887,0.275340304,0.317688354,0.274824274,0.025323021,0.030671212,0.110253804,0.17907046,0.176702572,0.124561436,0.061745984,0.063413358
Cornell_WinterOatPeaIntercrop_2024_Ithaca-PLOT_289_subplot_2,0.122224058,0.095199482,-0.083651969,-0.057405816,0.157018521,0.609769236,0.017018976,0.031642506,0.072592166,0.089031616,0.132651223,0.205762819,0.040760729,0.053682125
Cornell_WinterOatPeaIntercrop_2024_Ithaca-PLOT_272_subplot_2,0.076163252,0.126983165,0.072647131,0.221803864,0.252672026,0.216652004,0.105596219,0.040236715,0.10847656,0.184730299,0.171229724,0.143941715,0.054241907,0.070234395
Cornell_WinterOatPeaIntercrop_2024_Ithaca-PLOT_261_subplot_2,0.074476958,0.202131308,0.1614171,0.298013324,0.35833899,0.395085762,0.129250039,0.029421169,0.118817747,0.161479326,0.150871665,0.111639268,0.056735809,0.095515106
Cornell_WinterOatPeaIntercrop_2024_Ithaca-PLOT_244_subplot_2,0.085360037,0.167398642,0.13011887,0.239768523,0.3123605,0.404928988,0.081045584,0.039154795,0.11780633,0.156442031,0.145059605,0.125154328,0.041702825,0.056310783
Cornell_WinterOatPeaIntercrop_2024_Ithaca-PLOT_233_subplot_2,0.055235626,0.073658684,0.040714785,0.187631763,0.291870272,0.358648887,0.10696609,0.024555043,0.088512217,0.183716371,0.195535341,0.158784564,0.050168677,0.073787129
Cornell_WinterOatPeaIntercrop_2024_Ithaca-PLOT_216_subplot_2,0.072778842,0.135851997,0.157683687,0.310391721,0.358980101,0.367886513,0.08155621,0.027412274,0.09971394,0.202868083,0.186278652,0.141318122,0.051257403,0.076577118
Cornell_WinterOatPeaIntercrop_2024_Ithaca-PLOT_205_subplot_2,0.078154686,0.162455879,0.156736487,0.303183058,0.387382256,0.432367756,0.095699306,0.030405344,0.126055647,0.203210165,0.19764845,0.154459008,0.061471194,0.075659292
Cornell_WinterOatPeaIntercrop_2024_Ithaca-PLOT_188_subplot_2,0.088364578,0.172535489,0.064740151,0.134636625,0.044500103,0.137049869,0.174388869,0.037060197,0.129215524,0.16165059,0.14902094,0.103774692,0.086196063,0.11543982
Cornell_WinterOatPeaIntercrop_2024_Ithaca-PLOT_177_subplot_2,-0.068616961,-0.055314619,-0.04561078,0.071257788,0.367297174,0.584529982,-0.025581873,0.030989378,0.090969389,0.12048657,0.169545669,0.126634786,0.044935845,0.05477338
Cornell_WinterOatPeaIntercrop_2024_Ithaca-PLOT_362_subplot_2,0.081514523,0.11710212,-0.019943547,0.039175118,0.224802557,0.593566193,0.034104936,0.036794362,0.089773508,0.110409249,0.153617312,0.203422465,0.036180834,0.043935739
Cornell_WinterOatPeaIntercrop_2024_Ithaca-PLOT_355_subplot_2,0.088109162,0.213719186,0.116401705,0.192769584,0.179692082,0.195401569,0.022513296,0.034023557,0.083193395,0.157995957,0.153437967,0.15240839,0.053820662,0.042120747
Cornell_WinterOatPeaIntercrop_2024_Ithaca-PLOT_329_subplot_2,0.087733125,0.228153107,0.159533536,0.236023622,0.290298189,0.321143985,0.049082942,0.034633027,0.130350649,0.200636417,0.191624315,0.151546209,0.08469206,0.06541221
Cornell_WinterOatPeaIntercrop_2024_Ithaca-PLOT_316_subplot_2,0.085222104,0.169883346,0.169104478,0.231886936,0.256183045,0.29446568,0.015227755,0.031883818,0.091933418,0.181571128,0.175313686,0.152732972,0.06598156,0.054837735
Cornell_WinterOatPeaIntercrop_2024_Ithaca-PLOT_301_subplot_2,0.07762732,0.132704512,0.107303818,0.171792604,0.2198288,0.27203587,0.035839712,0.027229325,0.103449899,0.1698001,0.172251901,0.153670384,0.080217323,0.062122624
Cornell_WinterOatPeaIntercrop_2024_Ithaca-PLOT_288_subplot_2,0.114380685,0.152958527,0.131276868,0.236807071,0.251961093,0.288271035,0.077860336,0.029377134,0.111056021,0.186228656,0.187941305,0.156418807,0.058511611,0.04857183
Cornell_WinterOatPeaIntercrop_2024_Ithaca-PLOT_273_subplot_2,0.073226388,0.155946685,0.177951966,0.291272103,0.311792352,0.165605464,0.094006605,0.036038278,0.1161149,0.19111957,0.175322041,0.141112603,0.037571113,0.081965957
Cornell_WinterOatPeaIntercrop_2024_Ithaca-PLOT_260_subplot_2,0.051501075,0.131207187,0.150859267,0.289367744,0.31596024,0.289294624,0.074335135,0.027822122,0.118646665,0.185507223,0.164255426,0.126615229,0.052919612,0.064170014
Cornell_WinterOatPeaIntercrop_2024_Ithaca-PLOT_245_subplot_2,0.072821555,0.083667189,-0.007944085,0.030806529,0.046004127,0.507820098,0.114448944,0.031472576,0.101399625,0.146616352,0.172275659,0.173202604,0.070630617,0.106329442
Cornell_WinterOatPeaIntercrop_2024_Ithaca-PLOT_232_subplot_2,0.043908039,0.020679457,-0.076582812,-0.046808608,0.022773673,0.55884152,0.105209741,0.024779908,0.069884866,0.081959026,0.122950565,0.170339717,0.074274739,0.091937473
Cornell_WinterOatPeaIntercrop_2024_Ithaca-PLOT_217_subplot_2,0.068599535,0.198230189,0.234218751,0.333428304,0.40677687,0.420446061,0.042183068,0.028202918,0.143326818,0.203591157,0.20056136,0.141630298,0.054797746,0.075701407
Cornell_WinterOatPeaIntercrop_2024_Ithaca-PLOT_204_subplot_2,0.054543132,0.100498714,0.097271981,0.207762252,0.304211201,0.402211732,0.071162868,0.028992798,0.100913168,0.191000471,0.20536629,0.168366955,0.080246821,0.113606645
Cornell_WinterOatPeaIntercrop_2024_Ithaca-PLOT_189_subplot_2,0.04362504,0.067492697,-0.051421236,-0.001719555,0.188031865,0.583472151,0.009468203,0.024538471,0.084509767,0.124906616,0.170469399,0.204276385,0.044084553,0.046336021
Cornell_WinterOatPeaIntercrop_2024_Ithaca-PLOT_176_subplot_2,-0.077232581,0.100737877,0.236331833,0.389973403,0.462368366,0.460186795,-0.027716748,0.034315381,0.146173398,0.192307104,0.171215007,0.087925244,0.064548651,0.052383191
Cornell_WinterOatPeaIntercrop_2024_Ithaca-PLOT_363_subplot_2,0.080065384,0.268757986,0.246640842,0.350050674,0.468028206,0.532655204,0.068044912,0.030405522,0.144728755,0.172626638,0.158361204,0.099613084,0.058784057,0.052929159
Cornell_WinterOatPeaIntercrop_2024_Ithaca-PLOT_354_subplot_2,0.076759958,0.126183728,-0.035853837,0.024296611,0.281096991,0.589221249,0.037094591,0.030789779,0.098483122,0.141986224,0.183215728,0.216582324,0.041689396,0.049602955
Cornell_WinterOatPeaIntercrop_2024_Ithaca-PLOT_330_subplot_2,0.075497369,0.144493631,0.136303931,0.207946312,0.228809036,0.136087988,0.109596863,0.028052603,0.107202075,0.204826267,0.198672421,0.151710912,0.034148833,0.07566091
Cornell_WinterOatPeaIntercrop_2024_Ithaca-PLOT_315_subplot_2,0.082411193,0.198057001,0.241535282,0.322244718,0.377509302,0.408622899,0.060530917,0.030949403,0.127955247,0.183881236,0.173045203,0.118274423,0.064031552,0.06840907
Cornell_WinterOatPeaIntercrop_2024_Ithaca-PLOT_302_subplot_2,0.073911422,0.125338692,0.12119323,0.17449188,0.211916559,0.183480883,0.090700105,0.03007246,0.102889679,0.177261496,0.181007114,0.145710795,0.04825562,0.059057528
Cornell_WinterOatPeaIntercrop_2024_Ithaca-PLOT_287_subplot_2,0.089795306,0.165902669,0.163355571,0.261744007,0.339352564,0.410837188,0.090937425,0.023788458,0.125108826,0.179747404,0.176182623,0.128176946,0.071093485,0.057326887
Cornell_WinterOatPeaIntercrop_2024_Ithaca-PLOT_274_subplot_2,0.044428789,0.203235641,0.23098682,0.316540777,0.357753082,0.215699964,0.149078264,0.033262684,0.128897325,0.182719961,0.17013717,0.113867005,0.061600862,0.101154515
Cornell_WinterOatPeaIntercrop_2024_Ithaca-PLOT_259_subplot_2,0.011399499,0.11279304,0.16114406,0.262077108,0.308075489,0.24563545,0.093581944,0.029037174,0.103813321,0.182153846,0.175015355,0.131418972,0.038331703,0.056015419
Cornell_WinterOatPeaIntercrop_2024_Ithaca-PLOT_246_subplot_2,0.068954717,0.082389276,-0.008532609,0.001597564,0.021392771,0.506597829,0.150182651,0.027930079,0.090891144,0.124903422,0.162453868,0.173585008,0.077652891,0.076566896
Cornell_WinterOatPeaIntercrop_2024_Ithaca-PLOT_231_subplot_2,0.051422515,0.074159408,-0.03482251,-0.044872029,0.037472259,0.572715979,0.007577845,0.024063806,0.075589064,0.093887834,0.138691406,0.171533443,0.044688478,0.08232414
Cornell_WinterOatPeaIntercrop_2024_Ithaca-PLOT_218_subplot_2,0.061777232,0.135365526,0.187651872,0.281095738,0.394902081,0.319471596,0.010891351,0.025926161,0.098599488,0.194889278,0.193790512,0.133489103,0.041279076,0.066010487
Cornell_WinterOatPeaIntercrop_2024_Ithaca-PLOT_203_subplot_2,0.021538819,0.145962844,0.151499568,0.237924571,0.358599592,0.476015382,0.016405773,0.031021646,0.13024598,0.190925532,0.203565796,0.157640711,0.070222374,0.07541356
Cornell_WinterOatPeaIntercrop_2024_Ithaca-PLOT_190_subplot_2,0.020169524,0.102663707,-0.013452327,0.007483749,0.236362102,0.592115088,0.057630503,0.024042466,0.085225554,0.129239082,0.174685817,0.18305082,0.04012781,0.058392741
Cornell_WinterOatPeaIntercrop_2024_Ithaca-PLOT_175_subplot_2,-0.097972777,0.061107507,0.244154399,0.388027218,0.397936298,0.169948003,0.111452183,0.03172665,0.114304063,0.172963628,0.14358291,0.086410025,0.056012382,0.081756229
Cornell_WinterOatPeaIntercrop_2024_Ithaca-PLOT_364_subplot_2,0.091761577,0.177020359,0.166865666,0.240698969,0.234265131,0.26076478,0.0814575,0.032615139,0.094382031,0.159020025,0.156159099,0.147121493,0.038089542,0.051109756
Cornell_WinterOatPeaIntercrop_2024_Ithaca-PLOT_353_subplot_2,0.089655477,0.125980152,-0.042794665,0.032698195,0.30480971,0.625354142,0.065237094,0.032210955,0.088039134,0.113990656,0.150519918,0.144179817,0.029286712,0.046274164
Cornell_WinterOatPeaIntercrop_2024_Ithaca-PLOT_331_subplot_2,0.09376537,0.176898902,0.166200298,0.223077336,0.133769422,0.169651449,0.169519363,0.033039512,0.123159203,0.189737141,0.168771269,0.115137221,0.078804756,0.096352321
Cornell_WinterOatPeaIntercrop_2024_Ithaca-PLOT_314_subplot_2,0.092931281,0.147583948,0.162534102,0.23469687,0.285568309,0.307684322,0.098867137,0.031988936,0.107866154,0.162102936,0.159212323,0.139141145,0.076936803,0.064667235
Cornell_WinterOatPeaIntercrop_2024_Ithaca-PLOT_303_subplot_2,0.101291333,0.20926618,0.194544167,0.227570866,0.140884973,0.186330771,0.244953569,0.03611132,0.127817033,0.161258486,0.137596302,0.115238162,0.097875092,0.10695888
Cornell_WinterOatPeaIntercrop_2024_Ithaca-PLOT_286_subplot_2,0.086125871,0.171034939,0.216532573,0.325376959,0.417033677,0.479493962,0.121973721,0.025939119,0.12975982,0.19550084,0.183224339,0.110669057,0.063785476,0.070152665
Cornell_WinterOatPeaIntercrop_2024_Ithaca-PLOT_275_subplot_2,0.039903548,0.126029929,0.161669932,0.262498735,0.379121915,0.260379666,0.131886548,0.032303697,0.098049987,0.175232442,0.163467736,0.107056351,0.035405819,0.060342172
Cornell_WinterOatPeaIntercrop_2024_Ithaca-PLOT_258_subplot_2,0.006587555,0.169115866,0.235439914,0.338274137,0.455358108,0.334233608,0.167036051,0.031566025,0.126975236,0.199840918,0.183319908,0.113795757,0.053810511,0.071270669
Cornell_WinterOatPeaIntercrop_2024_Ithaca-PLOT_247_subplot_2,0.092131724,0.203407571,0.229728574,0.307931183,0.409976528,0.382549383,0.128270327,0.031865988,0.12862886,0.180180029,0.167611126,0.120830704,0.05231433,0.077365791
Cornell_WinterOatPeaIntercrop_2024_Ithaca-PLOT_230_subplot_2,0.095532026,0.259345683,0.298826225,0.364885877,0.320946767,0.164224088,0.040381482,0.038877619,0.149666656,0.180891412,0.153368032,0.097046208,0.104735371,0.083339695
Cornell_WinterOatPeaIntercrop_2024_Ithaca-PLOT_219_subplot_2,0.077929267,0.157329244,0.142911962,0.238207601,0.396831789,0.312614859,0.094494751,0.029544116,0.109452622,0.180799316,0.194024192,0.140215864,0.078169557,0.107371653
Cornell_WinterOatPeaIntercrop_2024_Ithaca-PLOT_202_subplot_2,0.030894376,0.183153968,0.188234705,0.261466645,0.408353248,0.488887594,0.069277852,0.033322508,0.131555804,0.202212829,0.205211883,0.142758552,0.06842983,0.066933541
Cornell_WinterOatPeaIntercrop_2024_Ithaca-PLOT_191_subplot_2,0.037215235,0.19647518,0.24332873,0.318725811,0.49486667,0.554467325,0.019607901,0.031792466,0.133390601,0.204094934,0.192180022,0.098390287,0.051513975,0.052893022
Cornell_WinterOatPeaIntercrop_2024_Ithaca-PLOT_174_subplot_2,-0.091997477,0.007827689,0.157056825,0.299411505,0.311198952,0.220285466,0.092645162,0.034007743,0.116619901,0.204558918,0.19847631,0.163735093,0.056440672,0.061158706
Cornell_WinterOatPeaIntercrop_2024_Ithaca-PLOT_365_subplot_2,0.114853573,0.287281639,0.320951015,0.391723171,0.39805909,0.475440027,0.043799941,0.03696946,0.139503879,0.148058658,0.127474853,0.113614168,0.0912348,0.053836329
Cornell_WinterOatPeaIntercrop_2024_Ithaca-PLOT_352_subplot_2,0.106572027,0.205026783,0.1717465,0.345209519,0.449478089,0.501473654,0.054331908,0.037435345,0.120443649,0.184112809,0.165767011,0.11632267,0.081196838,0.053124572
Cornell_WinterOatPeaIntercrop_2024_Ithaca-PLOT_332_subplot_2,0.109949043,0.180002943,0.195859219,0.320602314,0.137763498,0.087856534,0.127462515,0.035182706,0.114479049,0.177960096,0.141070811,0.096364979,0.056270968,0.066073969
Cornell_WinterOatPeaIntercrop_2024_Ithaca-PLOT_313_subplot_2,0.112678863,0.191649127,0.25585651,0.343591038,0.306596159,0.150249544,0.061157939,0.032093808,0.12194593,0.178737717,0.165399581,0.141978932,0.051426344,0.044524795
Cornell_WinterOatPeaIntercrop_2024_Ithaca-PLOT_304_subplot_2,0.115084981,0.221815759,0.253684417,0.320268538,0.188588679,0.075099179,0.277347856,0.035516199,0.124505705,0.174626076,0.145085001,0.101911421,0.044486138,0.085093609
Cornell_WinterOatPeaIntercrop_2024_Ithaca-PLOT_285_subplot_2,0.092392255,0.119853436,0.148807824,0.274351148,0.304960535,0.32312249,0.130284729,0.028829929,0.105554363,0.194592188,0.194104833,0.159377701,0.060537859,0.090029058
Cornell_WinterOatPeaIntercrop_2024_Ithaca-PLOT_276_subplot_2,0.049514011,0.17110611,0.221541062,0.348425215,0.416382614,0.301707045,0.120012836,0.032757426,0.132815209,0.198097267,0.181166344,0.1239044,0.052918366,0.05876162
Cornell_WinterOatPeaIntercrop_2024_Ithaca-PLOT_257_subplot_2,0.01381547,0.099321689,0.123048192,0.237016481,0.372926322,0.319069074,0.206052431,0.028868205,0.095866151,0.190162908,0.195480271,0.150392253,0.082076816,0.105588075
Cornell_WinterOatPeaIntercrop_2024_Ithaca-PLOT_248_subplot_2,0.097408128,0.1493847,0.169669673,0.25899734,0.331506095,0.282734105,0.106790375,0.027101872,0.107393169,0.174659216,0.163957269,0.120015384,0.040681609,0.061805475
Cornell_WinterOatPeaIntercrop_2024_Ithaca-PLOT_229_subplot_2,0.100469278,0.228203506,0.269613574,0.337105502,0.256668751,0.022233101,0.085059352,0.033227304,0.125866865,0.163851349,0.140059032,0.107332017,0.062931211,0.077983644
Cornell_WinterOatPeaIntercrop_2024_Ithaca-PLOT_220_subplot_2,0.071405699,0.09029017,0.048995431,0.156919429,0.303624997,0.224242332,0.0864798,0.02663371,0.081660749,0.17252068,0.208224867,0.175032606,0.070371588,0.09667063
Cornell_WinterOatPeaIntercrop_2024_Ithaca-PLOT_201_subplot_2,0.033158192,0.128827009,0.147984064,0.261405153,0.381542695,0.391275055,0.087047053,0.032916334,0.100959187,0.196316068,0.197041916,0.149288301,0.075025284,0.078160848
Cornell_WinterOatPeaIntercrop_2024_Ithaca-PLOT_192_subplot_2,0.036593585,0.208905189,0.268587233,0.364077752,0.442467982,0.334182882,0.063273251,0.028592362,0.125505934,0.198509403,0.181783991,0.131318686,0.061681512,0.058848979
Cornell_WinterOatPeaIntercrop_2024_Ithaca-PLOT_173_subplot_2,-0.081963016,0.057185008,0.16444317,0.290282635,0.421768356,0.535399816,0.038176487,0.030841731,0.13231368,0.20359277,0.205132639,0.138034008,0.060048438,0.05330234
Cornell_WinterOatPeaIntercrop_2024_Ithaca-PLOT_366_subplot_2,0.111533557,0.221729815,0.216843662,0.233013835,-0.000586004,0.122153288,0.134112365,0.034813059,0.104727918,0.162628604,0.134623365,0.095998444,0.042010741,0.079116535
Cornell_WinterOatPeaIntercrop_2024_Ithaca-PLOT_351_subplot_2,0.102907504,0.147221757,0.109260582,0.234432464,0.173187534,0.175759935,0.051948863,0.035023963,0.088925647,0.151953223,0.151857007,0.138063823,0.045544524,0.040422987
Cornell_WinterOatPeaIntercrop_2024_Ithaca-PLOT_333_subplot_2,0.101176614,0.188815562,0.200536665,0.359954158,0.411588253,0.450798679,0.091365111,0.031160519,0.121264593,0.189671527,0.176523109,0.137297538,0.073828904,0.048108988
Cornell_WinterOatPeaIntercrop_2024_Ithaca-PLOT_312_subplot_2,0.103887032,0.066359708,-0.05288772,-0.020889575,0.116515753,0.554286275,0.052760372,0.03197605,0.076356484,0.082251174,0.122355115,0.190098233,0.037284237,0.060847167
Cornell_WinterOatPeaIntercrop_2024_Ithaca-PLOT_305_subplot_2,0.09803111,0.135154823,0.073392129,0.160046403,0.225666381,0.278546195,0.064624222,0.029633507,0.089833464,0.154043753,0.182493677,0.16498633,0.073072937,0.04273192
Cornell_WinterOatPeaIntercrop_2024_Ithaca-PLOT_284_subplot_2,0.086187088,0.115386712,0.091033348,0.200911972,0.252995148,0.260353964,0.047854883,0.027487435,0.097959944,0.180540145,0.196675522,0.172263742,0.048214157,0.035224602
Cornell_WinterOatPeaIntercrop_2024_Ithaca-PLOT_277_subplot_2,0.063505996,0.263016526,0.25875965,0.314864035,0.203856677,0.084324268,0.066090035,0.032859554,0.121938963,0.143056552,0.122123952,0.091662312,0.065090505,0.06664177
Cornell_WinterOatPeaIntercrop_2024_Ithaca-PLOT_256_subplot_2,0.019409767,0.1404949,0.114958511,0.229644945,0.34546922,0.257078265,0.076611168,0.027410707,0.087102193,0.177369386,0.192443303,0.152423115,0.045843586,0.044130475
Cornell_WinterOatPeaIntercrop_2024_Ithaca-PLOT_249_subplot_2,0.096666699,0.240709751,0.267334401,0.386762215,0.451645606,0.319436878,0.04630688,0.028020234,0.131271564,0.191406341,0.171545973,0.118229358,0.055541961,0.05215919
Cornell_WinterOatPeaIntercrop_2024_Ithaca-PLOT_228_subplot_2,0.06173135,0.167040663,0.169358885,0.284548008,0.358940583,0.276495262,0.041066513,0.022945381,0.11239247,0.1881295,0.183908246,0.141908191,0.055689218,0.055125668
Cornell_WinterOatPeaIntercrop_2024_Ithaca-PLOT_221_subplot_2,0.057239106,0.093784277,-0.008979913,0.037708413,0.135831747,0.573203126,0.126552474,0.02444042,0.095099916,0.1291601,0.163631211,0.180463831,0.051892145,0.078789733
Cornell_WinterOatPeaIntercrop_2024_Ithaca-PLOT_200_subplot_2,0.030471202,0.123106943,0.108817884,0.193182152,0.323003141,0.301590624,0.139557114,0.02805386,0.096969259,0.175293049,0.177772819,0.141923316,0.055588659,0.071598263
Cornell_WinterOatPeaIntercrop_2024_Ithaca-PLOT_193_subplot_2,0.034183088,0.202656819,0.203437715,0.30344426,0.408804663,0.473616932,0.057437997,0.02559673,0.119147256,0.18665069,0.178448274,0.126843086,0.076107474,0.049025711
Cornell_WinterOatPeaIntercrop_2024_Ithaca-PLOT_172_subplot_2,-0.071658772,0.107644446,0.171038539,0.257579616,0.246799582,0.140862826,0.046744635,0.031253019,0.108089637,0.18600126,0.194508999,0.152253602,0.039667913,0.059000826
Cornell_WinterOatPeaIntercrop_2024_Ithaca-PLOT_367_subplot_2,0.116211694,0.230502543,0.255559707,0.339138419,0.323846259,0.299427645,0.083160343,0.034574747,0.111894381,0.181338697,0.167682837,0.151234798,0.042987414,0.044266343
Cornell_WinterOatPeaIntercrop_2024_Ithaca-PLOT_350_subplot_2,0.101522728,0.207862919,0.271917753,0.357262045,0.376129175,0.38260112,0.033729029,0.029919665,0.131646644,0.183572914,0.187107136,0.183677931,0.110950373,0.034380022
Cornell_WinterOatPeaIntercrop_2024_Ithaca-PLOT_334_subplot_2,0.102492202,0.193845329,0.237314944,0.353730829,0.325769014,0.255975895,0.093210799,0.02883863,0.106814205,0.188631932,0.177811859,0.156137378,0.042939006,0.048731374
Cornell_WinterOatPeaIntercrop_2024_Ithaca-PLOT_311_subplot_2,0.107126496,0.123865321,0.016396522,0.014770748,0.197995158,0.597917645,0.012080911,0.024671892,0.097247847,0.110308612,0.154085304,0.208479933,0.039201939,0.041413647
Cornell_WinterOatPeaIntercrop_2024_Ithaca-PLOT_306_subplot_2,0.104847346,0.184677294,0.163589887,0.202872468,0.302374407,0.441497827,0.061419393,0.027181609,0.137750962,0.195639314,0.230733571,0.227381907,0.120324778,0.056232375
Cornell_WinterOatPeaIntercrop_2024_Ithaca-PLOT_283_subplot_2,0.08945873,0.163601902,0.146970515,0.21496056,0.288761562,0.379800912,0.044684226,0.024309612,0.121653456,0.202633437,0.211945603,0.167717013,0.069319381,0.053314361
Cornell_WinterOatPeaIntercrop_2024_Ithaca-PLOT_278_subplot_2,0.098641639,0.335563667,0.2699845,0.275143781,0.171375574,0.153910359,0.088453729,0.035761601,0.137414463,0.148900465,0.133211226,0.100244105,0.072920303,0.084281459
Cornell_WinterOatPeaIntercrop_2024_Ithaca-PLOT_255_subplot_2,0.045130417,0.213417375,0.199474106,0.305044443,0.404701552,0.30826423,0.064135404,0.025095077,0.126883673,0.190407471,0.180594667,0.121295974,0.043722516,0.054108236
Cornell_WinterOatPeaIntercrop_2024_Ithaca-PLOT_250_subplot_2,0.087956877,0.224369139,0.261925501,0.358529178,0.431039514,0.288735132,0.032799207,0.026828189,0.111484067,0.190919263,0.165395805,0.101636858,0.036614139,0.051407351
Cornell_WinterOatPeaIntercrop_2024_Ithaca-PLOT_227_subplot_2,0.045948145,0.166880637,0.175834529,0.275137351,0.360817533,0.246820944,0.086078735,0.029831398,0.108093471,0.193954073,0.181592753,0.133739925,0.032685553,0.048700009
Cornell_WinterOatPeaIntercrop_2024_Ithaca-PLOT_222_subplot_2,0.0432611,0.099579472,-0.015582727,0.006532138,0.099002133,0.483101389,0.244615095,0.022592973,0.083900593,0.126332646,0.167459156,0.176252302,0.118782468,0.093817171
Cornell_WinterOatPeaIntercrop_2024_Ithaca-PLOT_199_subplot_2,0.046445748,0.259440966,0.251648077,0.316018146,0.441997044,0.40526816,0.177989847,0.029063863,0.140293914,0.180506896,0.167378107,0.0940233,0.065521607,0.058077662
Cornell_WinterOatPeaIntercrop_2024_Ithaca-PLOT_194_subplot_2,0.055142416,0.218712791,0.251044669,0.320664152,0.352474917,0.270865311,0.117455184,0.03190955,0.108726262,0.180951828,0.163559543,0.108975841,0.045882418,0.052200705
Cornell_WinterOatPeaIntercrop_2024_Ithaca-PLOT_171_subplot_2,-0.036566892,0.230436992,0.26139581,0.343471924,0.444691394,0.447197425,-0.002378396,0.048062151,0.147833259,0.183241107,0.180488577,0.096980634,0.082021255,0.058434927
Cornell_WinterOatPeaIntercrop_2024_Ithaca-PLOT_368_subplot_2,0.099911537,0.302662451,0.314260202,0.418128824,0.531238769,0.553090105,0.101389781,0.031140585,0.12340675,0.173493277,0.156797223,0.08412421,0.055400722,0.065849935
Cornell_WinterOatPeaIntercrop_2024_Ithaca-PLOT_349_subplot_2,0.127515609,0.184082876,0.25144508,0.306740082,0.290394946,0.161587363,0.094496063,0.034888791,0.095877796,0.15670296,0.152789981,0.118858435,0.034577697,0.035160597
Cornell_WinterOatPeaIntercrop_2024_Ithaca-PLOT_335_subplot_2,0.126447554,0.187172024,0.207299388,0.30946874,0.318132735,0.348229124,0.05573029,0.034503379,0.094961626,0.16271479,0.159996993,0.147616208,0.056489439,0.044616968
Cornell_WinterOatPeaIntercrop_2024_Ithaca-PLOT_310_subplot_2,0.129157329,0.223416397,0.135482297,0.127971569,0.159320064,0.275709954,0.037053086,0.029358673,0.097063137,0.115162552,0.12485359,0.130854417,0.058809474,0.036308084
Cornell_WinterOatPeaIntercrop_2024_Ithaca-PLOT_307_subplot_2,0.123243183,0.155666391,0.092198965,0.068268927,0.160009773,0.261996643,0.035180364,0.029939207,0.086837003,0.13093676,0.155049986,0.158753387,0.058403549,0.038347236
Cornell_WinterOatPeaIntercrop_2024_Ithaca-PLOT_282_subplot_2,0.124318368,0.158244261,0.17059082,0.248245307,0.342434151,0.31643506,0.0600308,0.027925163,0.106380028,0.198747119,0.200824018,0.163672452,0.053796905,0.066211896
Cornell_WinterOatPeaIntercrop_2024_Ithaca-PLOT_279_subplot_2,0.119481653,0.277430924,0.293902207,0.369813245,0.408937713,0.305395915,0.062441271,0.030029284,0.125838373,0.150197602,0.133815988,0.094212224,0.051792031,0.059887941
Cornell_WinterOatPeaIntercrop_2024_Ithaca-PLOT_254_subplot_2,0.069965675,0.193119281,0.163775439,0.286374487,0.416611735,0.278749362,0.046275457,0.026977464,0.111934432,0.179922286,0.18482313,0.133036417,0.049800606,0.049673687
Cornell_WinterOatPeaIntercrop_2024_Ithaca-PLOT_251_subplot_2,0.069948632,0.158636564,0.122738361,0.227026091,0.325432306,0.306326853,0.055465818,0.025568543,0.092929139,0.184642727,0.195779073,0.148370175,0.047683467,0.044789387
Cornell_WinterOatPeaIntercrop_2024_Ithaca-PLOT_226_subplot_2,0.070285795,0.308291845,0.275355305,0.3447931,0.377356155,0.28438177,0.117064822,0.037384756,0.129204979,0.163199847,0.145849346,0.105284709,0.081476829,0.065525055
Cornell_WinterOatPeaIntercrop_2024_Ithaca-PLOT_223_subplot_2,0.062004305,0.184980711,0.15273389,0.275359785,0.346054287,0.366397122,0.146713283,0.02902913,0.107796615,0.187733057,0.187292308,0.124581308,0.048482912,0.064895106
Cornell_WinterOatPeaIntercrop_2024_Ithaca-PLOT_198_subplot_2,0.064324242,0.233272211,0.259012109,0.360696579,0.439833433,0.345285849,0.197030181,0.027872158,0.140477453,0.198706313,0.184647333,0.120963365,0.068003298,0.058295176
Cornell_WinterOatPeaIntercrop_2024_Ithaca-PLOT_195_subplot_2,0.080761385,0.265330207,0.218121208,0.288963526,0.374477904,0.382716843,0.196516686,0.032288448,0.115309045,0.154570764,0.151379876,0.113737697,0.054123055,0.076476013
Cornell_WinterOatPeaIntercrop_2024_Ithaca-PLOT_170_subplot_2,-0.038280901,0.149896768,0.213601343,0.366525675,0.554731276,0.579499805,0.031247646,0.035505856,0.124030553,0.186142232,0.160100498,0.074750486,0.057000119,0.047886315
Cornell_WinterOatPeaIntercrop_2024_Ithaca-PLOT_369_subplot_2,0.084576229,0.286290769,0.288261692,0.396586405,0.44769304,0.394164004,0.010212047,0.025675964,0.132035685,0.169948758,0.164384346,0.107973547,0.087923727,0.047126315
Cornell_WinterOatPeaIntercrop_2024_Ithaca-PLOT_348_subplot_2,0.149164741,0.229437019,0.324685256,0.386106026,0.353491474,0.310967725,0.098744959,0.035606503,0.119618157,0.171468774,0.169169591,0.144696656,0.055378874,0.042436606
Cornell_WinterOatPeaIntercrop_2024_Ithaca-PLOT_336_subplot_2,0.14447697,0.246112174,0.296566652,0.419621133,0.437428667,0.44096136,0.085601263,0.037201007,0.111613358,0.16633986,0.141784443,0.108771144,0.057191101,0.049818762
Cornell_WinterOatPeaIntercrop_2024_Ithaca-PLOT_309_subplot_2,0.152049345,0.237631902,0.148217805,0.180413303,0.26973289,0.405005157,0.048916927,0.03129889,0.124816127,0.138931789,0.14924553,0.157245448,0.085427482,0.041063046
Cornell_WinterOatPeaIntercrop_2024_Ithaca-PLOT_308_subplot_2,0.15105192,0.284379336,0.221545386,0.253519067,0.433651653,0.478778375,0.044278003,0.030984914,0.138842252,0.161985266,0.168762505,0.128131205,0.082348214,0.052136743
Cornell_WinterOatPeaIntercrop_2024_Ithaca-PLOT_281_subplot_2,0.140247877,0.215651741,0.204589861,0.289937643,0.417885645,0.455164406,0.075165849,0.030123475,0.139531121,0.205700942,0.20518716,0.13827858,0.071850553,0.072017157
Cornell_WinterOatPeaIntercrop_2024_Ithaca-PLOT_280_subplot_2,0.136290085,0.22469118,0.239968189,0.334145774,0.359999552,0.262518049,0.048260937,0.02922691,0.113948265,0.162765557,0.142217473,0.115067674,0.046769157,0.051816117
Cornell_WinterOatPeaIntercrop_2024_Ithaca-PLOT_253_subplot_2,0.090156516,0.173440331,0.162602868,0.323324071,0.388338603,0.225814824,0.052245627,0.026321878,0.103366038,0.180295318,0.164151193,0.112895581,0.033767025,0.046299251
Cornell_WinterOatPeaIntercrop_2024_Ithaca-PLOT_252_subplot_2,0.082663455,0.199348356,0.198666459,0.34435609,0.495545006,0.51201555,0.045856582,0.026539976,0.137053581,0.199796334,0.184847778,0.098960185,0.061261209,0.058806836
Cornell_WinterOatPeaIntercrop_2024_Ithaca-PLOT_225_subplot_2,0.073901343,0.193987966,0.196285446,0.284045559,0.244854144,0.176944866,0.107624241,0.033331999,0.119525616,0.185868978,0.167828645,0.141260233,0.037933162,0.056222767
Cornell_WinterOatPeaIntercrop_2024_Ithaca-PLOT_224_subplot_2,0.088051376,0.235500325,0.225584674,0.352708043,0.452845092,0.486280007,0.125870226,0.036366924,0.148271823,0.198462416,0.186979273,0.10314955,0.064750961,0.071261409
Cornell_WinterOatPeaIntercrop_2024_Ithaca-PLOT_197_subplot_2,0.077115622,0.168387201,0.214888963,0.354618247,0.402544885,0.251015745,0.15852312,0.028490346,0.115341601,0.205797478,0.192683829,0.125021809,0.041302623,0.045198136
Cornell_WinterOatPeaIntercrop_2024_Ithaca-PLOT_196_subplot_2,0.094015364,0.311530785,0.192214284,0.347811833,0.498378127,0.574677229,0.047507665,0.036530268,0.147150476,0.160508864,0.157259425,0.11187923,0.054817085,0.044441855
Cornell_WinterOatPeaIntercrop_2024_Ithaca-PLOT_169_subplot_2,-0.038622667,0.077107312,0.115583475,0.263544504,0.322607752,0.154269133,0.074860024,0.035188135,0.100485266,0.19941206,0.182474499,0.145174054,0.053848566,0.04717871
Cornell_WinterOatPeaIntercrop_2024_Ithaca-PLOT_370_subplot_2,0.086609396,0.233516521,0.224203963,0.340171343,0.309363719,0.148388659,-0.002980913,0.025229087,0.112435701,0.17115791,0.158975493,0.132719995,0.042308224,0.044338266
Cornell_WinterOatPeaIntercrop_2024_Ithaca-PLOT_347_subplot_2,0.152117194,0.238847871,0.266473161,0.368131697,0.392732737,0.47185461,0.098510261,0.035157182,0.123089575,0.183938791,0.182719979,0.150757761,0.083462866,0.045394192
Cornell_WinterOatPeaIntercrop_2024_Ithaca-PLOT_155_subplot_2,0.135946341,0.1238528,0.05732732,0.187016131,0.176815024,0.220770847,0.06999303,0.036812882,0.070043059,0.125523541,0.156430425,0.164489848,0.05752407,0.03398492
Cornell_WinterOatPeaIntercrop_2024_Ithaca-PLOT_154_subplot_2,0.137305976,0.163489556,0.109935539,0.243001186,0.300119977,0.201065142,-0.014579193,0.029303538,0.091721767,0.179861693,0.183207126,0.131849421,0.035439994,0.043851357
Cornell_WinterOatPeaIntercrop_2024_Ithaca-PLOT_127_subplot_2,0.12786421,0.129848271,0.111872383,0.197084457,0.305864959,0.305478071,0.069774665,0.029748539,0.096086577,0.190130362,0.198445239,0.161939403,0.049996492,0.073943484
Cornell_WinterOatPeaIntercrop_2024_Ithaca-PLOT_126_subplot_2,0.136669996,0.20012106,0.174020125,0.285039441,0.390906767,0.42679193,0.07866751,0.028270628,0.134647626,0.207780437,0.198271504,0.145939998,0.077328236,0.063647404
Cornell_WinterOatPeaIntercrop_2024_Ithaca-PLOT_99_subplot_2,0.126012153,0.196821542,0.13675297,0.283843936,0.382504195,0.32519134,0.076331732,0.028950213,0.127595526,0.203581606,0.19766219,0.139406968,0.06621533,0.068637755
Cornell_WinterOatPeaIntercrop_2024_Ithaca-PLOT_98_subplot_2,0.085154462,0.179801515,0.12598959,0.277580654,0.400074244,0.489127499,0.061917403,0.024806961,0.120149866,0.208190924,0.202003666,0.154875717,0.068733695,0.048910365
Cornell_WinterOatPeaIntercrop_2024_Ithaca-PLOT_71_subplot_2,0.076296977,0.146494987,0.084950315,0.205804013,0.332792661,0.526084719,0.064530644,0.026782756,0.124312998,0.200197062,0.208762542,0.158155814,0.058754792,0.041106302
Cornell_WinterOatPeaIntercrop_2024_Ithaca-PLOT_70_subplot_2,0.07846615,0.128425478,0.156420937,0.264486088,0.320427282,0.274060283,0.082932958,0.030177144,0.116179107,0.204648662,0.190685725,0.157754355,0.047189107,0.053260994
Cornell_WinterOatPeaIntercrop_2024_Ithaca-PLOT_43_subplot_2,0.073559068,0.13037794,0.164499285,0.309328448,0.36113179,0.316317084,0.103275304,0.026277853,0.104480256,0.183969562,0.150471589,0.1091468,0.047576757,0.048980246
Cornell_WinterOatPeaIntercrop_2024_Ithaca-PLOT_42_subplot_2,0.07572463,0.087898227,-0.048253821,0.02489119,0.218756382,0.555353599,0.123188029,0.023357418,0.089725645,0.122348202,0.160176057,0.18656359,0.082601597,0.063211124
Cornell_WinterOatPeaIntercrop_2024_Ithaca-PLOT_15_subplot_2,0.083387703,0.177216892,0.204124159,0.355495643,0.448836905,0.539570576,0.027264077,0.027769068,0.135861864,0.219083589,0.187560943,0.145562484,0.057202225,0.046690319
Cornell_WinterOatPeaIntercrop_2024_Ithaca-PLOT_14_subplot_2,-0.064168879,0.03922201,0.091301074,0.198957835,0.259574201,0.22835998,0.087137108,0.032451606,0.098308436,0.200411943,0.19937665,0.159067839,0.043649226,0.041931641
Cornell_WinterOatPeaIntercrop_2024_Ithaca-PLOT_371_subplot_2,0.102495287,0.234227825,0.189324399,0.309051228,0.293791094,0.193022597,0.019204114,0.027446767,0.11306299,0.158540522,0.159184846,0.140268782,0.035369302,0.030133294
Cornell_WinterOatPeaIntercrop_2024_Ithaca-PLOT_346_subplot_2,0.124073916,0.256715595,0.282991023,0.400581924,0.454564156,0.466134055,0.026034836,0.028547367,0.122861153,0.192551085,0.179392238,0.125191935,0.054075605,0.048505773
Cornell_WinterOatPeaIntercrop_2024_Ithaca-PLOT_156_subplot_2,0.113326807,0.170830665,0.167746538,0.306053929,0.344520786,0.379162398,0.108192503,0.027699359,0.110251563,0.183825576,0.190140421,0.167112178,0.089047811,0.088273714
Cornell_WinterOatPeaIntercrop_2024_Ithaca-PLOT_153_subplot_2,0.109776813,0.228538408,0.190557537,0.364660328,0.513377274,0.460683111,7.53E-05,0.025368319,0.11683966,0.20146372,0.175475295,0.074898507,0.080218852,0.051200348
Cornell_WinterOatPeaIntercrop_2024_Ithaca-PLOT_128_subplot_2,0.111394996,0.237147704,0.218289923,0.329976609,0.499027617,0.520908079,0.076030124,0.030001918,0.140522998,0.210382755,0.195009279,0.096139495,0.062659595,0.051405367
Cornell_WinterOatPeaIntercrop_2024_Ithaca-PLOT_125_subplot_2,0.10588424,0.180743358,0.156401777,0.241536,0.335461728,0.268642109,0.152995582,0.027848709,0.11273042,0.216351856,0.198695401,0.146860278,0.050522024,0.079160872
Cornell_WinterOatPeaIntercrop_2024_Ithaca-PLOT_100_subplot_2,0.107180531,0.21029918,0.144767674,0.25317455,0.345674599,0.232476708,0.137802912,0.02520376,0.116205546,0.213555515,0.2032878,0.139309304,0.058787392,0.070545777
Cornell_WinterOatPeaIntercrop_2024_Ithaca-PLOT_97_subplot_2,0.085104572,0.17746553,0.117899636,0.250516902,0.343431963,0.360948914,0.113850949,0.025470569,0.100548198,0.211082474,0.205118316,0.162727302,0.058734431,0.048947627
Cornell_WinterOatPeaIntercrop_2024_Ithaca-PLOT_72_subplot_2,0.087946116,0.182582035,0.121788963,0.234570023,0.317895344,0.333758208,0.1308615,0.02588941,0.119180523,0.224018914,0.221451015,0.1672179,0.060763607,0.060005442
Cornell_WinterOatPeaIntercrop_2024_Ithaca-PLOT_69_subplot_2,0.091728926,0.223566436,0.261045669,0.356492582,0.470611479,0.403021376,0.127377448,0.030143124,0.134628273,0.194776075,0.172304547,0.096694091,0.063562156,0.062200229
Cornell_WinterOatPeaIntercrop_2024_Ithaca-PLOT_44_subplot_2,0.092369525,0.258819737,0.294194713,0.409592247,0.475546504,0.431692435,0.133288674,0.025104204,0.13847007,0.182617039,0.139683,0.084475565,0.056838385,0.045077338
Cornell_WinterOatPeaIntercrop_2024_Ithaca-PLOT_41_subplot_2,0.083189613,0.08266097,-0.049171475,0.013309653,0.085862128,0.49692433,0.198436564,0.022928845,0.078662122,0.11711808,0.158212217,0.184881765,0.107040046,0.073309309
Cornell_WinterOatPeaIntercrop_2024_Ithaca-PLOT_16_subplot_2,0.100452339,0.183409533,0.238886306,0.364614132,0.374694191,0.357184818,0.110134802,0.026029657,0.128571138,0.221534738,0.188511742,0.158071507,0.04538347,0.052771556
Cornell_WinterOatPeaIntercrop_2024_Ithaca-PLOT_13_subplot_2,-0.076265246,0.143105977,0.200348726,0.350321554,0.522618407,0.563717869,0.039214296,0.035143885,0.156320522,0.238474497,0.233846543,0.141786437,0.083828047,0.044290185
Cornell_WinterOatPeaIntercrop_2024_Ithaca-PLOT_372_subplot_2,0.123407255,0.238929691,0.146578454,0.267789923,0.354595869,0.464768273,0.05892241,0.026838901,0.124110876,0.164111265,0.175650217,0.145921642,0.080760912,0.054775426
Cornell_WinterOatPeaIntercrop_2024_Ithaca-PLOT_345_subplot_2,0.111115433,0.166501311,0.140204481,0.239020014,0.247863893,0.245785957,0.08199502,0.030909851,0.095516801,0.166060727,0.176117156,0.162989502,0.05446057,0.046033819
Cornell_WinterOatPeaIntercrop_2024_Ithaca-PLOT_157_subplot_2,0.114263233,0.257301567,0.215839685,0.28694717,0.324439472,0.246179556,0.128170299,0.03146091,0.1189091,0.150819862,0.145320522,0.132493887,0.039599248,0.041500528
Cornell_WinterOatPeaIntercrop_2024_Ithaca-PLOT_152_subplot_2,0.104701822,0.158106319,0.12261129,0.23958693,0.291485483,0.205064799,0.089940262,0.02939542,0.092426674,0.185863711,0.184258703,0.151677971,0.031104175,0.03758089
Cornell_WinterOatPeaIntercrop_2024_Ithaca-PLOT_129_subplot_2,0.103009609,0.132545041,0.096759872,0.18856079,0.285187867,0.268602126,0.085547873,0.028647059,0.101158994,0.186395059,0.191419756,0.1490382,0.042085536,0.057196384
Cornell_WinterOatPeaIntercrop_2024_Ithaca-PLOT_124_subplot_2,0.106323354,0.14776391,0.033219612,0.082391215,0.155565826,0.31585151,0.088184259,0.029198196,0.111925049,0.176871563,0.187299897,0.178377787,0.076048053,0.058700433
Cornell_WinterOatPeaIntercrop_2024_Ithaca-PLOT_101_subplot_2,0.102849541,0.182273282,0.076480558,0.155839844,0.259279336,0.230711447,0.088879911,0.029821746,0.12052124,0.165986899,0.177201796,0.163945478,0.049285569,0.039722624
Cornell_WinterOatPeaIntercrop_2024_Ithaca-PLOT_96_subplot_2,0.089919823,0.179589187,0.102916442,0.208140276,0.372092742,0.36745865,0.152414493,0.029837042,0.127889835,0.194917535,0.205683903,0.141216059,0.066131062,0.074852173
Cornell_WinterOatPeaIntercrop_2024_Ithaca-PLOT_73_subplot_2,0.102690679,0.154275781,0.193545355,0.288795865,0.36127428,0.307762312,0.1336339,0.034465037,0.117684325,0.178217653,0.164984228,0.134930629,0.053402091,0.050261099
Cornell_WinterOatPeaIntercrop_2024_Ithaca-PLOT_68_subplot_2,0.099833328,0.126376667,0.116942024,0.244500537,0.408407592,0.302396485,0.135599457,0.028500068,0.115730404,0.195121128,0.201498419,0.128854587,0.07568674,0.068702379
Cornell_WinterOatPeaIntercrop_2024_Ithaca-PLOT_45_subplot_2,0.10311951,0.162911864,0.12611059,0.234355126,0.35615671,0.294334817,0.120931964,0.027368574,0.102224005,0.155920934,0.162320143,0.125383905,0.065408868,0.035918491
Cornell_WinterOatPeaIntercrop_2024_Ithaca-PLOT_40_subplot_2,0.104950895,0.144396738,0.164206399,0.32391265,0.396150313,0.318420441,0.156248073,0.0279317,0.111506453,0.197053908,0.181540675,0.123015013,0.063529748,0.038923984
Cornell_WinterOatPeaIntercrop_2024_Ithaca-PLOT_17_subplot_2,0.13349297,0.248462253,0.256752519,0.370753071,0.396121017,0.398374821,0.055422832,0.036581164,0.141492712,0.189814491,0.157136319,0.125124009,0.101518421,0.055950485
Cornell_WinterOatPeaIntercrop_2024_Ithaca-PLOT_12_subplot_2,-0.073439287,0.038028143,-0.045666641,0.041697228,0.390422504,0.587336597,0.094150548,0.035769599,0.081242384,0.113606553,0.153291309,0.158963593,0.053213821,0.067378209
Cornell_WinterOatPeaIntercrop_2024_Ithaca-PLOT_373_subplot_2,0.135740656,0.299663631,0.194125801,0.298943719,0.308117594,0.139195748,0.089829904,0.026311409,0.125155557,0.184685979,0.181330279,0.146785159,0.035180848,0.041224396
Cornell_WinterOatPeaIntercrop_2024_Ithaca-PLOT_344_subplot_2,0.109692182,0.202182096,0.187480777,0.295754007,0.35952671,0.231679241,0.118353215,0.030416359,0.106310896,0.195596802,0.186209595,0.150586622,0.044355558,0.042784767
Cornell_WinterOatPeaIntercrop_2024_Ithaca-PLOT_158_subplot_2,0.125369122,0.283057879,0.270867432,0.354856738,0.42687648,0.287611724,0.15387863,0.031167361,0.127751175,0.152999794,0.143932777,0.111322892,0.047101011,0.043270623
Cornell_WinterOatPeaIntercrop_2024_Ithaca-PLOT_151_subplot_2,0.119969802,0.174652272,0.144310858,0.299062978,0.36503651,0.295994974,0.083569345,0.029753767,0.099364631,0.171210242,0.153620147,0.119569323,0.09097363,0.052769239
Cornell_WinterOatPeaIntercrop_2024_Ithaca-PLOT_130_subplot_2,0.118600439,0.165926225,0.112689108,0.20049822,0.329743962,0.436537545,0.092168387,0.03075965,0.114584845,0.189446098,0.193041614,0.141374111,0.088269131,0.053668795
Cornell_WinterOatPeaIntercrop_2024_Ithaca-PLOT_123_subplot_2,0.109153479,0.191423119,0.110917184,0.188367143,0.388271718,0.587409402,0.134848444,0.027045167,0.114434756,0.196945537,0.20109637,0.150215396,0.05076304,0.061553757
Cornell_WinterOatPeaIntercrop_2024_Ithaca-PLOT_102_subplot_2,0.116370374,0.2855171,0.216182623,0.32725354,0.493747779,0.501557428,0.120997067,0.028823987,0.133614513,0.180825996,0.175876755,0.107802919,0.070689164,0.053090784
Cornell_WinterOatPeaIntercrop_2024_Ithaca-PLOT_95_subplot_2,0.096150204,0.154037935,0.097249096,0.227032937,0.330437907,0.287237258,0.174648203,0.02889976,0.110039817,0.197874337,0.203010844,0.155235656,0.047216745,0.051616894
Cornell_WinterOatPeaIntercrop_2024_Ithaca-PLOT_74_subplot_2,0.113699573,0.267901965,0.297981922,0.405583764,0.445298093,0.376906596,0.140390231,0.035381423,0.15171403,0.166431857,0.14864581,0.118546768,0.063287776,0.042731329
Cornell_WinterOatPeaIntercrop_2024_Ithaca-PLOT_67_subplot_2,0.100924146,0.123832226,0.076771251,0.219138067,0.299736222,0.057287037,0.123916256,0.027190802,0.09662626,0.186577296,0.192741266,0.138977904,0.036832674,0.037952028
Cornell_WinterOatPeaIntercrop_2024_Ithaca-PLOT_46_subplot_2,0.107735796,0.257619971,0.242352344,0.360010334,0.499271619,0.503133172,0.145219166,0.029542789,0.141633364,0.159498838,0.143710254,0.081983748,0.058744825,0.056425245
Cornell_WinterOatPeaIntercrop_2024_Ithaca-PLOT_39_subplot_2,0.109336622,0.206254106,0.215387967,0.389476921,0.446104191,0.403130008,0.15138866,0.029254504,0.154089354,0.200577596,0.169444868,0.104639994,0.065046742,0.053310217
Cornell_WinterOatPeaIntercrop_2024_Ithaca-PLOT_18_subplot_2,0.133663785,0.260893612,0.262245016,0.366798475,0.305782293,0.119463456,0.131234837,0.044004489,0.141624981,0.185222081,0.163490955,0.10225466,0.069635866,0.070651585
Cornell_WinterOatPeaIntercrop_2024_Ithaca-PLOT_11_subplot_2,-0.079944822,0.026623506,-0.010612982,0.118710554,0.402499879,0.616679865,0.069630305,0.031373976,0.096200864,0.142586383,0.175576398,0.168897356,0.039129316,0.048890068
Cornell_WinterOatPeaIntercrop_2024_Ithaca-PLOT_374_subplot_2,0.122273391,0.366891931,0.286256807,0.390802093,0.41784688,0.374946693,0.076437715,0.031559581,0.137933931,0.173139675,0.165208604,0.106281411,0.087668473,0.048933815
Cornell_WinterOatPeaIntercrop_2024_Ithaca-PLOT_343_subplot_2,0.094639778,0.275882379,0.243386191,0.368115933,0.480389762,0.516943636,0.134668902,0.030212719,0.130774434,0.181660501,0.165422605,0.106490056,0.061542415,0.057968466
Cornell_WinterOatPeaIntercrop_2024_Ithaca-PLOT_159_subplot_2,0.113199357,0.224399256,0.142618058,0.240115943,0.335549999,0.372209088,0.114914765,0.028367777,0.112710331,0.182414159,0.192681744,0.173645833,0.082359053,0.037846031
Cornell_WinterOatPeaIntercrop_2024_Ithaca-PLOT_150_subplot_2,0.115814595,0.221376632,0.146607649,0.23925997,0.275620356,0.185961249,0.156229739,0.033941831,0.121161405,0.182508889,0.178586666,0.163511858,0.044191977,0.084985837
Cornell_WinterOatPeaIntercrop_2024_Ithaca-PLOT_131_subplot_2,0.105717633,0.216864817,0.147678705,0.148997897,0.118165643,0.325724848,0.19349179,0.032319914,0.135796337,0.155084079,0.148133323,0.118896259,0.103158115,0.109800311
Cornell_WinterOatPeaIntercrop_2024_Ithaca-PLOT_122_subplot_2,0.096718862,0.187728964,0.149377973,0.172497602,0.356253284,0.479050418,0.070208326,0.028181131,0.13151261,0.186486589,0.198662275,0.155051287,0.081828415,0.049360058
Cornell_WinterOatPeaIntercrop_2024_Ithaca-PLOT_103_subplot_2,0.09742274,0.235976199,0.103687119,0.099413281,0.137105277,0.310799312,0.148740532,0.027401091,0.142337941,0.144994975,0.136380168,0.116080755,0.101203309,0.092696005
Cornell_WinterOatPeaIntercrop_2024_Ithaca-PLOT_94_subplot_2,0.087127651,0.263470641,0.216555147,0.323046052,0.384251487,0.352574506,0.101906626,0.029773592,0.129435076,0.163044379,0.150780315,0.106846813,0.061019677,0.040699291
Cornell_WinterOatPeaIntercrop_2024_Ithaca-PLOT_75_subplot_2,0.083060647,0.210808276,0.156989105,0.269417403,0.307291943,0.254108675,0.111231792,0.029226361,0.126177589,0.177916236,0.17430575,0.139002741,0.035971205,0.034421052
Cornell_WinterOatPeaIntercrop_2024_Ithaca-PLOT_66_subplot_2,0.087275633,0.167185777,0.130259904,0.235569901,0.320053628,0.175171311,0.116497672,0.025305898,0.108760189,0.203591382,0.207148326,0.173053881,0.064964401,0.060665143
Cornell_WinterOatPeaIntercrop_2024_Ithaca-PLOT_47_subplot_2,0.088521881,0.216535316,0.262650437,0.37646074,0.467441249,0.415651269,0.10042205,0.026126374,0.129676945,0.188301927,0.168502798,0.095072239,0.067265831,0.055395814
Cornell_WinterOatPeaIntercrop_2024_Ithaca-PLOT_38_subplot_2,0.094978855,0.242826907,0.235401655,0.355533919,0.352623617,0.347928884,0.113930659,0.026560199,0.13878822,0.197889243,0.180348058,0.138790895,0.057325855,0.05066194
Cornell_WinterOatPeaIntercrop_2024_Ithaca-PLOT_19_subplot_2,0.089925594,0.124414298,0.070772042,0.167644648,0.24131356,0.369127339,0.170008349,0.022468965,0.107312346,0.185522307,0.192816646,0.177380626,0.082484698,0.089137659
Cornell_WinterOatPeaIntercrop_2024_Ithaca-PLOT_10_subplot_2,-0.087604494,0.137696995,0.231351048,0.332487848,0.300590412,0.203828073,0.092240131,0.032920476,0.13370079,0.21316463,0.196007734,0.152161366,0.052759018,0.028184345
Cornell_WinterOatPeaIntercrop_2024_Ithaca-PLOT_375_subplot_2,0.083866419,0.230671004,0.214095767,0.335751601,0.360604468,0.26476187,0.114274426,0.03022775,0.094651457,0.177457856,0.164553144,0.126533295,0.037635976,0.052207935
Cornell_WinterOatPeaIntercrop_2024_Ithaca-PLOT_342_subplot_2,0.071679352,0.295464418,0.23941034,0.347691169,0.465843334,0.481925094,0.096311168,0.028931076,0.116155241,0.166992863,0.161749907,0.107377199,0.064146091,0.042115148
Cornell_WinterOatPeaIntercrop_2024_Ithaca-PLOT_160_subplot_2,0.089300292,0.26919689,0.178494079,0.256356717,0.396782592,0.498033012,0.111640345,0.027931634,0.110680572,0.18209669,0.187861314,0.143699588,0.060940733,0.041134922
Cornell_WinterOatPeaIntercrop_2024_Ithaca-PLOT_149_subplot_2,0.09410112,0.307449496,0.2601164,0.320212246,0.387550071,0.275077236,0.096098389,0.029862088,0.134667992,0.188691392,0.181871947,0.141492958,0.065531988,0.051194867
Cornell_WinterOatPeaIntercrop_2024_Ithaca-PLOT_132_subplot_2,0.089084168,0.258044634,0.196298854,0.129820133,0.036442719,0.092898218,0.212219041,0.035714473,0.128374072,0.146407283,0.127221332,0.080144672,0.041734784,0.089793929
Cornell_WinterOatPeaIntercrop_2024_Ithaca-PLOT_121_subplot_2,0.076871027,0.190086029,0.179610215,0.176601672,0.28918835,0.2273472,0.050634019,0.024696119,0.099815765,0.175877882,0.187912051,0.134718574,0.028601975,0.04327518
Cornell_WinterOatPeaIntercrop_2024_Ithaca-PLOT_104_subplot_2,0.092115479,0.284468095,0.179817878,0.101002296,0.076619398,0.114804958,0.188188177,0.04119076,0.141013393,0.146640984,0.138314478,0.088489143,0.045775857,0.078626178
Cornell_WinterOatPeaIntercrop_2024_Ithaca-PLOT_93_subplot_2,0.076836622,0.236725427,0.231336276,0.312696002,0.373416624,0.277594585,0.080390794,0.0302253,0.110778209,0.165727786,0.1490983,0.104213881,0.036032688,0.049720179
Cornell_WinterOatPeaIntercrop_2024_Ithaca-PLOT_76_subplot_2,0.082351412,0.292983652,0.257037604,0.371701561,0.442369329,0.415191131,0.123528241,0.029908262,0.131345166,0.184100186,0.162275561,0.099837571,0.06766722,0.047907391
Cornell_WinterOatPeaIntercrop_2024_Ithaca-PLOT_65_subplot_2,0.084991613,0.22878171,0.197855243,0.315139919,0.428000226,0.370347281,0.082207875,0.027342246,0.117966035,0.212999887,0.197219211,0.11921776,0.057818896,0.044915954
Cornell_WinterOatPeaIntercrop_2024_Ithaca-PLOT_48_subplot_2,0.091896703,0.205051838,0.261780068,0.362172947,0.40161067,0.263714383,0.059318857,0.030327904,0.11767982,0.201856455,0.174117768,0.123142497,0.042381824,0.049436701
Cornell_WinterOatPeaIntercrop_2024_Ithaca-PLOT_37_subplot_2,0.092505425,0.21339734,0.236293701,0.367808641,0.398661066,0.316615426,0.082086565,0.026736726,0.114756115,0.190617399,0.163006179,0.120138693,0.049538167,0.050384147
Cornell_WinterOatPeaIntercrop_2024_Ithaca-PLOT_20_subplot_2,0.085940513,0.167310917,0.120423631,0.213559041,0.38389144,0.567660565,0.055126602,0.026097881,0.123003903,0.201560602,0.212539006,0.199731347,0.070661365,0.057813953
Cornell_WinterOatPeaIntercrop_2024_Ithaca-PLOT_9_subplot_2,-0.091539077,0.154150344,0.23628582,0.329127321,0.410150274,0.475970523,-0.000810164,0.034542105,0.143878684,0.209948322,0.198373781,0.170459108,0.1134035,0.048375192
Cornell_WinterOatPeaIntercrop_2024_Ithaca-PLOT_376_subplot_2,0.057492499,0.228464857,0.224373753,0.354483973,0.394146209,0.45197868,0.114497943,0.035347021,0.123039195,0.18376918,0.169994552,0.132288901,0.072826046,0.048008695
Cornell_WinterOatPeaIntercrop_2024_Ithaca-PLOT_341_subplot_2,0.082710487,0.244221755,0.164847968,0.226849221,0.266074586,0.237984313,0.153092252,0.035209407,0.109534644,0.157042184,0.162880747,0.138583725,0.054621266,0.032773457
Cornell_WinterOatPeaIntercrop_2024_Ithaca-PLOT_161_subplot_2,0.090863132,0.244729583,0.221214556,0.309985988,0.411297471,0.268389711,0.122935467,0.030377535,0.093771039,0.177772479,0.163124775,0.120960523,0.0326568,0.04419009
Cornell_WinterOatPeaIntercrop_2024_Ithaca-PLOT_148_subplot_2,0.089365273,0.256302208,0.161311773,0.250639356,0.352774232,0.269821157,0.123397611,0.027101817,0.096862824,0.167026083,0.176771772,0.128164385,0.065254228,0.053475417
Cornell_WinterOatPeaIntercrop_2024_Ithaca-PLOT_133_subplot_2,0.076021805,0.222207458,0.21244314,0.200991571,0.362588516,0.451937847,0.10427005,0.027498235,0.101789579,0.161065047,0.171293208,0.13386267,0.083113292,0.043092713
Cornell_WinterOatPeaIntercrop_2024_Ithaca-PLOT_120_subplot_2,0.077625209,0.23656769,0.237653361,0.232400343,0.375607178,0.415347021,0.043006798,0.028701956,0.121099934,0.178471468,0.179996921,0.118891123,0.091790781,0.048302431
Cornell_WinterOatPeaIntercrop_2024_Ithaca-PLOT_105_subplot_2,0.087713626,0.229745385,0.25106955,0.26334712,0.366854865,0.415231468,0.087690473,0.031399603,0.119297488,0.172846656,0.166838531,0.127713522,0.077247874,0.047433608
Cornell_WinterOatPeaIntercrop_2024_Ithaca-PLOT_92_subplot_2,0.102734801,0.331942805,0.255792427,0.299092447,0.254261573,0.257923414,0.205281351,0.044615813,0.145115434,0.162900716,0.132760919,0.085309659,0.085200931,0.081158547
Cornell_WinterOatPeaIntercrop_2024_Ithaca-PLOT_77_subplot_2,0.092654406,0.229436805,0.202299978,0.296544291,0.398283213,0.316544273,0.098889262,0.032792518,0.123612622,0.193471334,0.194138569,0.120082313,0.081330781,0.049904536
Cornell_WinterOatPeaIntercrop_2024_Ithaca-PLOT_64_subplot_2,0.088300594,0.144741432,0.080886585,0.187681765,0.233327081,0.239103904,0.048277049,0.027790035,0.084193851,0.183362894,0.191085197,0.173317519,0.070978474,0.044761137
Cornell_WinterOatPeaIntercrop_2024_Ithaca-PLOT_49_subplot_2,0.093250041,0.128492875,0.115892227,0.224903044,0.304649624,0.317908264,0.064260951,0.025699905,0.093261172,0.191578674,0.19867652,0.158947844,0.069033541,0.043988208
Cornell_WinterOatPeaIntercrop_2024_Ithaca-PLOT_36_subplot_2,0.095132992,0.160258294,0.06622278,0.177307106,0.286333538,0.276879601,0.076645177,0.028566926,0.100311645,0.164083657,0.181356834,0.154519721,0.060476126,0.044755034
Cornell_WinterOatPeaIntercrop_2024_Ithaca-PLOT_21_subplot_2,0.099112891,0.178515096,0.144563798,0.326870573,0.494915414,0.558142349,-0.000800039,0.030051186,0.123181853,0.19387237,0.195448115,0.140513451,0.053796406,0.046129865
Cornell_WinterOatPeaIntercrop_2024_Ithaca-PLOT_8_subplot_2,-0.086255574,0.047667132,0.15096782,0.273444713,0.343276462,0.344824932,0.145273311,0.035535433,0.098701357,0.202672136,0.195004373,0.152083889,0.058031766,0.081365886
Cornell_WinterOatPeaIntercrop_2024_Ithaca-PLOT_377_subplot_2,0.029698593,0.197572917,0.158785177,0.305791345,0.389582238,0.491423565,0.090397735,0.030974049,0.130658555,0.187062733,0.190583366,0.153370161,0.0803653,0.049367834
Cornell_WinterOatPeaIntercrop_2024_Ithaca-PLOT_340_subplot_2,0.096516455,0.248732834,0.183190715,0.278034403,0.442051003,0.543920899,0.183972669,0.034863653,0.116271362,0.172758234,0.177269331,0.143377557,0.084223564,0.044587941
Cornell_WinterOatPeaIntercrop_2024_Ithaca-PLOT_162_subplot_2,0.095910152,0.205238948,0.164615731,0.282468538,0.377653027,0.390620083,0.107082121,0.032532229,0.096058943,0.181195652,0.179522542,0.147200317,0.078298127,0.040900633
Cornell_WinterOatPeaIntercrop_2024_Ithaca-PLOT_147_subplot_2,0.091264412,0.210310191,0.143728695,0.279535098,0.337143673,0.14423192,0.119850704,0.02774901,0.105151673,0.182972544,0.184952363,0.147445909,0.034131148,0.041778912
Cornell_WinterOatPeaIntercrop_2024_Ithaca-PLOT_134_subplot_2,0.084317782,0.234632394,0.226483252,0.258608829,0.321534271,0.221249651,0.090960456,0.025355984,0.112167702,0.178891361,0.177201317,0.138216277,0.04477427,0.039043329
Cornell_WinterOatPeaIntercrop_2024_Ithaca-PLOT_119_subplot_2,0.071930631,0.185007114,0.212677489,0.261904646,0.336118543,0.217417577,0.082835006,0.027891129,0.093234132,0.184235842,0.177076766,0.129005701,0.040389713,0.049014837
Cornell_WinterOatPeaIntercrop_2024_Ithaca-PLOT_106_subplot_2,0.084669139,0.187187626,0.177705976,0.239474195,0.319725008,0.274370223,0.119362129,0.031387476,0.097447237,0.17465649,0.165484959,0.132596229,0.052188581,0.070321214
Cornell_WinterOatPeaIntercrop_2024_Ithaca-PLOT_91_subplot_2,0.098439535,0.265585142,0.198813964,0.267537833,0.193321385,0.113213866,0.336044209,0.036186857,0.122152482,0.17424041,0.136337449,0.082355845,0.046775245,0.088130731
Cornell_WinterOatPeaIntercrop_2024_Ithaca-PLOT_78_subplot_2,0.092661737,0.163029321,0.142230679,0.266048295,0.271154848,0.166135797,0.129155775,0.029732644,0.102865041,0.181286472,0.169688712,0.14318744,0.054382832,0.074241577
Cornell_WinterOatPeaIntercrop_2024_Ithaca-PLOT_63_subplot_2,0.093602994,0.203526728,0.135819775,0.281166147,0.338222373,0.379441558,0.083491749,0.029487497,0.131273176,0.188603636,0.176803395,0.142391969,0.065509244,0.046217332
Cornell_WinterOatPeaIntercrop_2024_Ithaca-PLOT_50_subplot_2,0.09691953,0.146461888,0.122192973,0.269288712,0.370455229,0.514182447,0.075756954,0.029695445,0.123947939,0.199511208,0.198341872,0.147797117,0.066057226,0.060827933
Cornell_WinterOatPeaIntercrop_2024_Ithaca-PLOT_35_subplot_2,0.100292869,0.217614388,0.11253953,0.258568852,0.33245919,0.393747338,0.090031719,0.029288872,0.127624143,0.176434596,0.172743409,0.130036649,0.074999782,0.059350567
Cornell_WinterOatPeaIntercrop_2024_Ithaca-PLOT_22_subplot_2,0.092501588,0.162482719,0.168503895,0.386938467,0.476097617,0.25461977,0.067958749,0.027809258,0.115176059,0.193594808,0.158823567,0.097057002,0.043836485,0.045889969
Cornell_WinterOatPeaIntercrop_2024_Ithaca-PLOT_7_subplot_2,-0.076482206,0.095280605,0.219605565,0.35093192,0.439799094,0.472208342,0.049854122,0.036247462,0.136930809,0.213373549,0.194704651,0.136290407,0.084403592,0.065662454
Cornell_WinterOatPeaIntercrop_2024_Ithaca-PLOT_378_subplot_2,0.021551669,0.186191449,0.113138017,0.241604493,0.243289258,0.257866017,0.076907406,0.028734341,0.112336941,0.17209933,0.182782029,0.177150398,0.051245086,0.051209005
Cornell_WinterOatPeaIntercrop_2024_Ithaca-PLOT_339_subplot_2,0.095547396,0.242334735,0.133071398,0.196118841,0.187780027,0.23905987,0.125204169,0.033309207,0.104498392,0.15129839,0.160999841,0.155190054,0.050543187,0.037561044
Cornell_WinterOatPeaIntercrop_2024_Ithaca-PLOT_163_subplot_2,0.085540614,0.137471568,-0.020971217,0.056958793,0.136980058,0.612223028,0.090104986,0.031235743,0.084018399,0.113351358,0.15041877,0.184105955,0.048523884,0.050341606
Cornell_WinterOatPeaIntercrop_2024_Ithaca-PLOT_146_subplot_2,0.068365593,0.219597027,0.104490822,0.226987256,0.310419174,0.4614545,0.111500528,0.026755964,0.126708551,0.169479441,0.170972191,0.162237659,0.071531737,0.032614925
Cornell_WinterOatPeaIntercrop_2024_Ithaca-PLOT_135_subplot_2,0.092475169,0.298671867,0.159635234,0.202550499,0.113653989,0.113806911,0.247640926,0.031634338,0.122026599,0.148709896,0.125333009,0.098606852,0.099812077,0.093546117
Cornell_WinterOatPeaIntercrop_2024_Ithaca-PLOT_118_subplot_2,0.069472461,0.25145983,0.169355584,0.227620013,0.251849828,0.184932585,0.071701796,0.030123968,0.100807174,0.176530242,0.17601312,0.143792748,0.041072752,0.036693416
Cornell_WinterOatPeaIntercrop_2024_Ithaca-PLOT_107_subplot_2,0.07154444,0.100604059,-0.085017218,-0.040184456,0.169516304,0.601199252,0.086897423,0.028066634,0.081355851,0.104236902,0.132853348,0.175634598,0.049366963,0.054921402
Cornell_WinterOatPeaIntercrop_2024_Ithaca-PLOT_90_subplot_2,0.081336841,0.228865239,0.128504078,0.248043441,0.279679946,0.154813264,0.096672295,0.031928651,0.109851779,0.187902716,0.167873388,0.139594299,0.046705215,0.082470719
Cornell_WinterOatPeaIntercrop_2024_Ithaca-PLOT_79_subplot_2,0.082356603,0.206585473,0.114548373,0.200098653,0.016782842,0.069620422,0.288546944,0.031509186,0.122077904,0.170563953,0.140450404,0.084251047,0.045737905,0.084082359
Cornell_WinterOatPeaIntercrop_2024_Ithaca-PLOT_62_subplot_2,0.070864375,0.114799245,0.045769131,0.167538847,0.131934868,0.099359437,0.106967552,0.025446554,0.093340198,0.176820389,0.17136255,0.141714208,0.032736747,0.050119974
Cornell_WinterOatPeaIntercrop_2024_Ithaca-PLOT_51_subplot_2,0.077861591,0.184200115,0.108809024,0.242127902,0.271629881,0.421054606,0.069650684,0.027119396,0.120354517,0.193033982,0.188178538,0.141839244,0.063997511,0.050609032
Cornell_WinterOatPeaIntercrop_2024_Ithaca-PLOT_34_subplot_2,0.080200847,0.16041737,0.136546671,0.293911793,0.275814907,0.262608724,0.07004847,0.027838623,0.102508411,0.201088646,0.168950342,0.140135648,0.040354838,0.042617685
Cornell_WinterOatPeaIntercrop_2024_Ithaca-PLOT_23_subplot_2,0.075291768,0.171647576,0.158241488,0.345505342,0.479912207,0.541710105,-0.04534961,0.030201996,0.129899483,0.201455261,0.186362471,0.099938187,0.068528309,0.038837199
Cornell_WinterOatPeaIntercrop_2024_Ithaca-PLOT_6_subplot_2,-0.045494167,0.051377627,0.182722322,0.334089685,0.418935256,0.54466113,0.066638513,0.034016912,0.118899879,0.208589881,0.20285301,0.137306246,0.055037929,0.057685587
Cornell_WinterOatPeaIntercrop_2024_Ithaca-PLOT_338_subplot_2,0.089221586,0.316632231,0.213860581,0.322517077,0.518090875,0.580507004,0.137360407,0.033753149,0.1221495,0.173226617,0.174207501,0.083860654,0.034138659,0.043686667
Cornell_WinterOatPeaIntercrop_2024_Ithaca-PLOT_164_subplot_2,0.068577251,0.141668371,-0.052859722,0.047436476,0.092700866,0.588912477,0.117716193,0.02567218,0.077639401,0.103062376,0.139693992,0.183310783,0.044816085,0.053603071
Cornell_WinterOatPeaIntercrop_2024_Ithaca-PLOT_145_subplot_2,0.023421337,0.210452117,0.037352504,0.180290173,0.22686541,0.290468049,0.113867467,0.026641051,0.113773483,0.153974726,0.166067385,0.151826529,0.046878011,0.03260583
Cornell_WinterOatPeaIntercrop_2024_Ithaca-PLOT_136_subplot_2,0.085937712,0.299836934,0.178595598,0.236514682,0.180565703,0.212269537,0.17684231,0.031299176,0.119789456,0.159352059,0.135884314,0.105050555,0.086677754,0.072065582
Cornell_WinterOatPeaIntercrop_2024_Ithaca-PLOT_117_subplot_2,0.088287116,0.368830935,0.30498207,0.400348852,0.509979006,0.45957973,0.13838045,0.031568225,0.128140087,0.180993954,0.158958981,0.08557872,0.068078929,0.058987979
Cornell_WinterOatPeaIntercrop_2024_Ithaca-PLOT_108_subplot_2,0.084189834,0.124409756,-0.101388119,-0.044337661,0.13268026,0.579888406,0.08051965,0.030536844,0.079484077,0.099173576,0.132243878,0.186790433,0.046927947,0.045785323
Cornell_WinterOatPeaIntercrop_2024_Ithaca-PLOT_89_subplot_2,0.079441406,0.340680878,0.232182899,0.337247564,0.411091221,0.281153876,0.069372234,0.031957125,0.124078961,0.179836225,0.1589905,0.103203488,0.097778135,0.057163291
Cornell_WinterOatPeaIntercrop_2024_Ithaca-PLOT_80_subplot_2,0.091251181,0.257196937,0.148360358,0.226810534,0.151876581,0.308857855,0.097790916,0.0393046,0.150775442,0.177923671,0.149009415,0.102912167,0.10520866,0.042697937
Cornell_WinterOatPeaIntercrop_2024_Ithaca-PLOT_61_subplot_2,0.077424472,0.128951443,0.026028646,0.152991839,0.284850444,0.363064931,0.054456282,0.030441562,0.117763574,0.175201777,0.188216697,0.152021014,0.090148243,0.050469863
Cornell_WinterOatPeaIntercrop_2024_Ithaca-PLOT_52_subplot_2,0.080835119,0.151072035,0.066905646,0.177113377,0.16318728,0.260565702,0.102291588,0.030737405,0.106889041,0.194942272,0.19941908,0.162388255,0.044432502,0.039549407
Cornell_WinterOatPeaIntercrop_2024_Ithaca-PLOT_33_subplot_2,0.08787491,0.257328194,0.200400396,0.334328827,0.348010788,0.427139519,0.071041019,0.033329739,0.130922702,0.189269,0.155727075,0.112221596,0.06285418,0.053408343
Cornell_WinterOatPeaIntercrop_2024_Ithaca-PLOT_24_subplot_2,0.081414352,0.111669256,0.085604862,0.246559821,0.296205186,0.364813449,0.06801429,0.029103786,0.087417175,0.19906275,0.203218651,0.16515323,0.064774464,0.039977868
Cornell_WinterOatPeaIntercrop_2024_Ithaca-PLOT_5_subplot_2,-3.05E-05,0.018129933,0.176351711,0.292234477,0.365898349,0.405410441,0.105281042,0.036488669,0.105304585,0.2022304,0.19838851,0.157407325,0.064565347,0.052417348
Cornell_WinterOatPeaIntercrop_2024_Ithaca-PLOT_337_subplot_2,0.103802218,0.260976876,0.125375701,0.17685054,0.230116002,0.285615051,0.118999887,0.03543888,0.097864286,0.145677865,0.171598292,0.160883039,0.053064287,0.046922866
Cornell_WinterOatPeaIntercrop_2024_Ithaca-PLOT_165_subplot_2,0.073065628,0.284843142,0.137029309,0.261586378,0.322411132,0.368734549,0.1271639,0.0320867,0.110147318,0.157453117,0.159098275,0.141331601,0.070260979,0.046752367
Cornell_WinterOatPeaIntercrop_2024_Ithaca-PLOT_144_subplot_2,0.004389832,0.244628288,0.102960911,0.210703678,0.243145091,0.263672246,0.105768651,0.031507761,0.11029268,0.156999791,0.157065581,0.142974616,0.056964235,0.049208092
Cornell_WinterOatPeaIntercrop_2024_Ithaca-PLOT_137_subplot_2,0.070083211,0.254177124,0.090681715,0.180061177,0.220844554,0.26332674,0.229437749,0.029108068,0.108056559,0.156817581,0.163873209,0.141550799,0.04974954,0.061009557
Cornell_WinterOatPeaIntercrop_2024_Ithaca-PLOT_116_subplot_2,0.101723759,0.236445406,0.147990687,0.270154245,0.310216018,0.188874675,0.159305056,0.027027741,0.110908397,0.186504533,0.183808988,0.139658444,0.04676305,0.084235126
Cornell_WinterOatPeaIntercrop_2024_Ithaca-PLOT_109_subplot_2,0.10493328,0.275288307,0.183783357,0.344939403,0.443376154,0.304680193,0.038794461,0.033151624,0.126320245,0.198804326,0.17136559,0.102882472,0.081260683,0.05403908
Cornell_WinterOatPeaIntercrop_2024_Ithaca-PLOT_88_subplot_2,0.085857573,0.290412905,0.030463043,0.149112726,0.222453713,0.222095284,0.067820674,0.03206613,0.10726918,0.109423841,0.11717785,0.129864796,0.056454071,0.05150287
Cornell_WinterOatPeaIntercrop_2024_Ithaca-PLOT_81_subplot_2,0.089802589,0.199961921,0.124198324,0.257922823,0.264558926,0.204060284,0.123381751,0.031982515,0.107679288,0.197474706,0.188546019,0.140271158,0.052859138,0.049416153
Cornell_WinterOatPeaIntercrop_2024_Ithaca-PLOT_60_subplot_2,0.091626289,0.083115826,-0.067198099,0.033694537,0.343052753,0.575221793,0.095693368,0.029214712,0.084374929,0.120147048,0.157646181,0.134664231,0.033188719,0.041450625
Cornell_WinterOatPeaIntercrop_2024_Ithaca-PLOT_53_subplot_2,0.09254089,0.192306075,0.151801067,0.297708025,0.450172848,0.551393709,0.125907671,0.029699306,0.121359644,0.213771829,0.211310115,0.127183497,0.056938785,0.041906426
Cornell_WinterOatPeaIntercrop_2024_Ithaca-PLOT_32_subplot_2,0.090499976,0.234398468,0.246829997,0.402218937,0.478561523,0.439207492,0.112049742,0.031093905,0.135255883,0.212842018,0.165957745,0.084964262,0.06123783,0.054239132
Cornell_WinterOatPeaIntercrop_2024_Ithaca-PLOT_25_subplot_2,0.099621375,0.18776265,0.149994414,0.299553091,0.483506502,0.554254849,0.0453448,0.031144837,0.130229008,0.189167293,0.180616981,0.102218752,0.075482761,0.06577811
Cornell_WinterOatPeaIntercrop_2024_Ithaca-PLOT_4_subplot_2,0.013656147,0.092360744,0.202715289,0.340406097,0.464034683,0.56403088,-0.002667713,0.037081784,0.135473564,0.181930697,0.161429516,0.090229346,0.063094949,0.064871023
Cornell_WinterOatPeaIntercrop_2024_Ithaca-PLOT_166_subplot_2,0.069532519,0.275941078,0.145721638,0.27830316,0.312357582,0.237776365,0.125645074,0.033507038,0.104791804,0.157047939,0.152617866,0.138395156,0.054371583,0.04279473
Cornell_WinterOatPeaIntercrop_2024_Ithaca-PLOT_143_subplot_2,-0.023420663,0.219858891,0.127224737,0.246841988,0.293893606,0.385859257,0.133971707,0.030046689,0.113448155,0.168664445,0.167110859,0.141066654,0.067255225,0.032454025
Cornell_WinterOatPeaIntercrop_2024_Ithaca-PLOT_138_subplot_2,0.046606846,0.227812269,0.111514758,0.220120784,0.323605272,0.467451893,0.176940458,0.030950017,0.109274587,0.155960054,0.161603191,0.138073444,0.083232415,0.056499594
Cornell_WinterOatPeaIntercrop_2024_Ithaca-PLOT_115_subplot_2,0.093703568,0.2552152,0.20089702,0.331919417,0.422902821,0.432026513,0.109352192,0.027210601,0.122488858,0.169338504,0.161639988,0.113240511,0.070279946,0.055252313
Cornell_WinterOatPeaIntercrop_2024_Ithaca-PLOT_110_subplot_2,0.097506727,0.226603965,0.137822429,0.336009234,0.358030519,0.142219212,0.010929245,0.03185417,0.108750918,0.189483559,0.17107101,0.116068444,0.047406612,0.047836849
Cornell_WinterOatPeaIntercrop_2024_Ithaca-PLOT_87_subplot_2,0.07038319,0.339222488,0.114783684,0.282499914,0.359120148,0.409817386,0.079244316,0.035901291,0.12689289,0.122202825,0.120684755,0.124865658,0.06976718,0.067007064
Cornell_WinterOatPeaIntercrop_2024_Ithaca-PLOT_82_subplot_2,0.079030282,0.2438968,0.176565757,0.341609341,0.40747071,0.462415922,0.118269262,0.031128313,0.135646942,0.200463674,0.180005358,0.128792577,0.099423396,0.051627384
Cornell_WinterOatPeaIntercrop_2024_Ithaca-PLOT_59_subplot_2,0.079589581,0.071356687,-0.07491022,0.04695402,0.339284847,0.560503117,0.069383655,0.027586033,0.078375031,0.115732945,0.163289477,0.176570173,0.038417622,0.030559192
Cornell_WinterOatPeaIntercrop_2024_Ithaca-PLOT_54_subplot_2,0.076107309,0.107655598,0.040340033,0.18359788,0.217521689,0.332305526,0.11075249,0.029443169,0.092738838,0.191254892,0.215172958,0.188933809,0.084918396,0.052412157
Cornell_WinterOatPeaIntercrop_2024_Ithaca-PLOT_31_subplot_2,0.078449384,0.214788979,0.272989734,0.423498632,0.449580365,0.327998914,0.110804075,0.031267478,0.135064798,0.212251701,0.167083781,0.106639083,0.041174452,0.046602584
Cornell_WinterOatPeaIntercrop_2024_Ithaca-PLOT_26_subplot_2,0.092145681,0.13530288,0.143530745,0.310388429,0.403849733,0.351622143,0.094858736,0.027153785,0.101258309,0.185579091,0.181250895,0.130598325,0.041044257,0.044017589
Cornell_WinterOatPeaIntercrop_2024_Ithaca-PLOT_3_subplot_2,-0.000996702,0.048234962,0.133559406,0.271929111,0.314553498,0.258405964,0.078644916,0.032725519,0.111103263,0.17721778,0.159576982,0.12978677,0.037241125,0.050905012
Cornell_WinterOatPeaIntercrop_2024_Ithaca-PLOT_167_subplot_2,0.011301163,0.222442062,0.095995389,0.262397181,0.312771789,0.261041113,0.105132358,0.034735572,0.094879188,0.16589942,0.175435905,0.156519388,0.060528536,0.041339706
Cornell_WinterOatPeaIntercrop_2024_Ithaca-PLOT_142_subplot_2,-0.102562304,0.237730622,0.149640553,0.271167903,0.333408849,0.406832811,0.107022081,0.036106675,0.129170685,0.177903623,0.178966719,0.151289665,0.086798578,0.033070098
Cornell_WinterOatPeaIntercrop_2024_Ithaca-PLOT_139_subplot_2,-0.041586575,0.118161249,-0.021965458,0.052164475,0.241543622,0.622808331,0.128721402,0.0356869,0.103197396,0.125891466,0.164390005,0.205320929,0.03759028,0.043289726
Cornell_WinterOatPeaIntercrop_2024_Ithaca-PLOT_114_subplot_2,0.007263547,0.272031606,0.251421867,0.349509361,0.390593755,0.421969547,0.112593991,0.040412345,0.134626994,0.139599036,0.144400525,0.127573392,0.070282292,0.046873314
Cornell_WinterOatPeaIntercrop_2024_Ithaca-PLOT_111_subplot_2,0.022894081,0.163232203,-0.012057968,0.06316641,0.080738857,0.545982346,0.086368912,0.029860521,0.096921721,0.126348189,0.159229527,0.178320088,0.05783628,0.053804727
Cornell_WinterOatPeaIntercrop_2024_Ithaca-PLOT_86_subplot_2,-0.0063067,0.275678526,0.260079656,0.381133124,0.443925012,0.341789138,0.070114315,0.031859531,0.128976392,0.176821955,0.160823678,0.094912336,0.077132506,0.061755485
Cornell_WinterOatPeaIntercrop_2024_Ithaca-PLOT_83_subplot_2,0.007410546,0.238144683,0.204285103,0.350811363,0.424422912,0.499153447,0.035799162,0.030370853,0.135898468,0.198690943,0.182979849,0.126475984,0.065126953,0.04966679
Cornell_WinterOatPeaIntercrop_2024_Ithaca-PLOT_58_subplot_2,0.037634219,0.098463181,-0.052644148,0.033005592,0.305209046,0.550173692,0.024437555,0.026472023,0.080831022,0.119439925,0.173233829,0.196456565,0.033079562,0.035067688
Cornell_WinterOatPeaIntercrop_2024_Ithaca-PLOT_55_subplot_2,0.010444867,0.169772275,0.152866424,0.268904716,0.41801059,0.483321679,0.088852618,0.028962463,0.115951203,0.188260695,0.193606758,0.111263102,0.062915076,0.049529359
Cornell_WinterOatPeaIntercrop_2024_Ithaca-PLOT_30_subplot_2,0.007126735,0.1948185,0.303989082,0.39967642,0.436980942,0.476355567,0.079129451,0.035130723,0.136805,0.156040099,0.134299033,0.091278179,0.041771694,0.048798316
Cornell_WinterOatPeaIntercrop_2024_Ithaca-PLOT_27_subplot_2,0.079224913,0.137188503,0.193543662,0.305505577,0.436271869,0.546352076,0.013781965,0.028992952,0.133084499,0.186067321,0.174819233,0.124314028,0.072782331,0.060183209
Cornell_WinterOatPeaIntercrop_2024_Ithaca-PLOT_2_subplot_2,-0.022290726,0.124206709,0.180454689,0.325286919,0.476520183,0.587577048,-0.006132879,0.033979124,0.122543937,0.186533594,0.172334776,0.099240419,0.054749669,0.057120641
Cornell_WinterOatPeaIntercrop_2024_Ithaca-PLOT_168_subplot_2,-0.12085702,0.31576425,0.236034967,0.335212848,0.395981824,0.390917345,0.129348048,0.040307919,0.122410937,0.18002075,0.174692077,0.137345671,0.06354972,0.041211019
Cornell_WinterOatPeaIntercrop_2024_Ithaca-PLOT_141_subplot_2,-0.210810577,0.279076911,0.196804353,0.321303635,0.347795036,0.293774192,0.097522989,0.033878479,0.11858151,0.1752581,0.175514543,0.143099257,0.032862328,0.034990402
Cornell_WinterOatPeaIntercrop_2024_Ithaca-PLOT_140_subplot_2,-0.189562008,0.120485391,-0.008915834,0.046612528,0.330668936,0.633157422,0.07817336,0.036332214,0.095894494,0.115713689,0.151946319,0.16205795,0.028426509,0.055814872
Cornell_WinterOatPeaIntercrop_2024_Ithaca-PLOT_113_subplot_2,-0.162060785,0.22237796,0.194907052,0.275858204,0.254845731,0.252829487,0.062097808,0.03742044,0.098819168,0.15777588,0.172426284,0.164460419,0.059572941,0.035626391
Cornell_WinterOatPeaIntercrop_2024_Ithaca-PLOT_112_subplot_2,-0.112456171,0.167316112,0.027890981,0.066298602,0.126603417,0.597307068,0.082576758,0.031499894,0.087642612,0.121321662,0.151740388,0.177138437,0.043710421,0.058641809
Cornell_WinterOatPeaIntercrop_2024_Ithaca-PLOT_85_subplot_2,-0.107030443,0.255023071,0.280566154,0.359409802,0.359666555,0.1595948,0.095674609,0.032189824,0.121513147,0.179499003,0.168343787,0.120816352,0.040676376,0.042160802
Cornell_WinterOatPeaIntercrop_2024_Ithaca-PLOT_84_subplot_2,-0.083643059,0.208512745,0.22713707,0.304211441,0.287433549,0.308381707,0.030375544,0.030694666,0.125653831,0.196771405,0.183966873,0.144007567,0.030544159,0.033383902
Cornell_WinterOatPeaIntercrop_2024_Ithaca-PLOT_57_subplot_2,0.000957232,0.123730186,0.064523719,0.186196689,0.483654864,0.596223485,-0.001947266,0.029508442,0.09366074,0.14443488,0.185676232,0.073063812,0.043137096,0.034585595
Cornell_WinterOatPeaIntercrop_2024_Ithaca-PLOT_56_subplot_2,-0.057505901,0.168296057,0.169560631,0.219013459,0.283172527,0.245872822,0.105004598,0.032313211,0.110191419,0.194097421,0.203414248,0.14625547,0.034639354,0.033816531
Cornell_WinterOatPeaIntercrop_2024_Ithaca-PLOT_29_subplot_2,-0.048618235,0.223853072,0.384664775,0.427262502,0.448514825,0.383522378,0.069443751,0.033067536,0.127106808,0.140400393,0.116978837,0.076367948,0.044295215,0.051298734
Cornell_WinterOatPeaIntercrop_2024_Ithaca-PLOT_28_subplot_2,0.065318845,0.093659984,0.1706453,0.241068572,0.326174915,0.226958541,0.021856341,0.029847562,0.10086264,0.174796795,0.157430523,0.12571823,0.041118561,0.049103779
Cornell_WinterOatPeaIntercrop_2024_Ithaca-PLOT_1_subplot_2,-0.053186094,0.148072022,0.172001927,0.280184934,0.357480782,0.379473268,0.026061671,0.034844963,0.112184887,0.177950734,0.171595299,0.118795988,0.043518129,0.054359512
