fid,prow,pcol,grow,gcol,5-12-24_count,5-12-24_sum,5-12-24_mean
"1","1","1","1","1",2951,557.845306396484,0.189036023855129
"2","1","1","1","2",2963,640.697418212891,0.216232675738404
"3","1","1","1","3",2957,708.739166259766,0.239681828292109
"4","1","2","1","1",2961,372.913269042969,0.125941664654836
"5","1","2","1","2",2952,549.978637695312,0.186307126590553
"6","1","2","1","3",2956,597.994201660156,0.202298444404654
"7","1","3","1","1",2948,534.904602050781,0.181446608565394
"8","1","3","1","2",2959,598.00537109375,0.202097117638983
"9","1","3","1","3",2960,634.475250244141,0.214349746704102
"10","1","4","1","1",2957,-42.4850769042969,-0.0143676283071684
"11","1","4","1","2",2959,5.38595581054688,0.00182019459633216
"12","1","4","1","3",2951,16.9749755859375,0.00575227908706794
"13","1","5","1","1",2952,547.304901123047,0.185401389269325
"14","1","5","1","2",2954,652.991760253906,0.221053405637748
"15","1","5","1","3",2963,697.654754638672,0.235455536496346
"16","1","6","1","1",2954,794.440155029297,0.268937087010595
"17","1","6","1","2",2961,904.847076416016,0.30558834056603
"18","1","6","1","3",2955,889.549957275391,0.301032134441757
"19","1","7","1","1",2959,619.498840332031,0.209360878787439
"20","1","7","1","2",2951,670.994720458984,0.227378759897995
"21","1","7","1","3",2958,730.186981201172,0.246851582556177
"22","1","8","1","1",2949,35.2417297363281,0.0119504000462286
"23","1","8","1","2",2961,70.4513244628906,0.0237930849249884
"24","1","8","1","3",2957,80.3477172851562,0.0271720383108408
"25","1","9","1","1",2961,647.283905029297,0.218603142529313
"26","1","9","1","2",2955,777.304962158203,0.263047364520543
"27","1","9","1","3",2952,767.205688476562,0.259893525906695
"28","1","10","1","1",2954,886.630310058594,0.300145670297425
"29","1","10","1","2",2951,988.462890625,0.334958621018299
"30","1","10","1","3",2963,1087.26150512695,0.366946171153207
"31","1","11","1","1",2959,549.923919677734,0.185847894450062
"32","1","11","1","2",2957,733.125457763672,0.247928798702628
"33","1","11","1","3",2955,738.953216552734,0.250068770407017
"34","1","12","1","1",2958,719.108612060547,0.243106359722971
"35","1","12","1","2",2950,703.422058105469,0.238448155289989
"36","1","12","1","3",2959,926.005279541016,0.312945346245696
"37","1","13","1","1",2951,882.206176757812,0.298951601747819
"38","1","13","1","2",2961,1019.9602355957,0.344464787435226
"39","1","13","1","3",2955,1041.39682006836,0.352418551630578
"40","1","14","1","1",2964,984.338195800781,0.332097906815378
"41","1","14","1","2",2951,927.111389160156,0.314168549359592
"42","1","14","1","3",2956,905.947540283203,0.306477517010556
"43","2","1","1","1",2954,645.295501708984,0.218448037139128
"44","2","1","1","2",2956,785.298980712891,0.265662713367013
"45","2","1","1","3",2959,682.986755371094,0.230816747337308
"46","2","2","1","1",2959,598.621398925781,0.202305305483535
"47","2","2","1","2",2960,656.927093505859,0.221934828887115
"48","2","2","1","3",2949,534.509460449219,0.181251088656907
"49","2","3","1","1",2956,671.459503173828,0.227151388083162
"50","2","3","1","2",2953,623.762237548828,0.211230016101872
"51","2","3","1","3",2958,328.827270507812,0.111165405851187
"52","2","4","1","1",2955,-71.06396484375,-0.0240487190672589
"53","2","4","1","2",2962,-29.5650024414062,-0.00998143228946869
"54","2","4","1","3",2954,-65.60302734375,-0.0222082015381686
"55","2","5","1","1",2962,727.598083496094,0.245644187540882
"56","2","5","1","2",2953,674.302429199219,0.228344879512096
"57","2","5","1","3",2957,443.283813476562,0.149909980884871
"58","2","6","1","1",2952,790.133331298828,0.267660342580904
"59","2","6","1","2",2960,762.128784179688,0.257475940601246
"60","2","6","1","3",2958,713.953063964844,0.241363442854917
"61","2","7","1","1",2961,669.152221679688,0.225988592259266
"62","2","7","1","2",2958,720.568481445312,0.243599892307408
"63","2","7","1","3",2952,325.140686035156,0.110142508819497
"64","2","8","1","1",2955,49.4783325195312,0.0167439365548329
"65","2","8","1","2",2954,42.4619445800781,0.0143743888219628
"66","2","8","1","3",2963,91.8519592285156,0.0309996487440147
"67","2","9","1","1",2957,836.909637451172,0.28302659365951
"68","2","9","1","2",2960,884.368286132812,0.298773069639464
"69","2","9","1","3",2956,652.927032470703,0.220881946032038
"70","2","10","1","1",2958,984.242279052734,0.332739107184832
"71","2","10","1","2",2954,963.909454345703,0.326306518058803
"72","2","10","1","3",2958,957.531402587891,0.323709061050673
"73","2","11","1","1",2949,705.782775878906,0.239329527256326
"74","2","11","1","2",2962,757.836700439453,0.255853038635872
"75","2","11","1","3",2956,527.009063720703,0.178284527645705
"76","2","12","1","1",2960,802.137939453125,0.270992547112542
"77","2","12","1","2",2956,878.091705322266,0.297054027510915
"78","2","12","1","3",2955,702.21630859375,0.237636652654399
"79","2","13","1","1",2952,853.636138916016,0.289172133779138
"80","2","13","1","2",2955,888.301727294922,0.300609721588806
"81","2","13","1","3",2961,875.895538330078,0.295810718787598
"82","2","14","1","1",2956,837.465972900391,0.283310545636127
"83","2","14","1","2",2958,790.740997314453,0.26732285237135
"84","2","14","1","3",2956,746.851013183594,0.252655958451825
"85","3","1","1","1",2957,544.742767333984,0.184221429602294
"86","3","1","1","2",2951,629.117614746094,0.213187941289764
"87","3","1","1","3",2959,618.486328125,0.209018698251098
"88","3","2","1","1",2953,323.013122558594,0.109384735035081
"89","3","2","1","2",2960,440.993865966797,0.148984414177972
"90","3","2","1","3",2955,622.6328125,0.210704843485618
"91","3","3","1","1",2963,741.131866455078,0.25012887831761
"92","3","3","1","2",2951,690.121673583984,0.233860275697724
"93","3","3","1","3",2957,724.368591308594,0.24496739645201
"94","3","4","1","1",2954,-14.2109985351562,-0.00481076456843475
"95","3","4","1","2",2954,11.4258728027344,0.00386793256693784
"96","3","4","1","3",2960,-25.2587280273438,-0.00853335406329181
"97","3","5","1","1",2959,608.8271484375,0.205754359052889
"98","3","5","1","2",2957,639.295928955078,0.216197473437632
"99","3","5","1","3",2952,580.281677246094,0.196572383890953
"100","3","6","1","1",2955,521.864318847656,0.176603830405298
"101","3","6","1","2",2954,487.170227050781,0.164918831093697
"102","3","6","1","3",2959,649.642730712891,0.219548067155421
"103","3","7","1","1",2956,666.452972412109,0.225457703793
"104","3","7","1","2",2959,744.007019042969,0.251438668145647
"105","3","7","1","3",2954,750.028228759766,0.253902582518539
"106","3","8","1","1",2961,724.315826416016,0.244618651271873
"107","3","8","1","2",2953,758.963348388672,0.257014340802124
"108","3","8","1","3",2957,791.99462890625,0.26783720964026
"109","3","9","1","1",2952,744.431732177734,0.252178771062918
"110","3","9","1","2",2960,689.040832519531,0.232784065040382
"111","3","9","1","3",2954,778.033294677734,0.263382970439314
"112","3","10","1","1",2961,560.078582763672,0.189151834773277
"113","3","10","1","2",2957,611.348876953125,0.20674632294661
"114","3","10","1","3",2952,659.090057373047,0.223268989625016
"115","3","11","1","1",2956,923.235717773438,0.312326020897645
"116","3","11","1","2",2954,1000.90777587891,0.33883133916009
"117","3","11","1","3",2958,892.411743164062,0.301694301272503
"118","3","12","1","1",2958,901.238403320312,0.30467829726853
"119","3","12","1","2",2958,966.597595214844,0.326774034893456
"120","3","12","1","3",2953,975.398590087891,0.330307683741243
"121","3","13","1","1",2958,968.509338378906,0.327420330756899
"122","3","13","1","2",2956,1052.71447753906,0.356128037056516
"123","3","13","1","3",2956,1034.28375244141,0.349893015034305
"124","3","14","1","1",2953,840.004577636719,0.284458035095401
"125","3","14","1","2",2961,838.940460205078,0.283330111518095
"126","3","14","1","3",2952,789.243743896484,0.267358991834852
"127","4","1","1","1",2960,858.169708251953,0.289922198733768
"128","4","1","1","2",2954,851.600677490234,0.288287297728583
"129","4","1","1","3",2957,766.815673828125,0.259322175795781
"130","4","2","1","1",2953,862.081359863281,0.291934087322479
"131","4","2","1","2",2956,906.718139648438,0.306738206917604
"132","4","2","1","3",2959,828.36572265625,0.279947861661457
"133","4","3","1","1",2955,728.659301757812,0.246585212100783
"134","4","3","1","2",2959,740.879638671875,0.250381763660654
"135","4","3","1","3",2954,492.953582763672,0.166876636006659
"136","4","4","1","1",2953,-94.9096984863281,-0.0321400943062405
"137","4","4","1","2",2956,-79.6544494628906,-0.0269467014421146
"138","4","4","1","3",2959,-98.3642578125,-0.0332423987200068
"139","4","5","1","1",2952,649.814971923828,0.220127023009427
"140","4","5","1","2",2960,590.236785888672,0.199404319556984
"141","4","5","1","3",2956,526.507751464844,0.178114936219501
"142","4","6","1","1",2959,662.627075195312,0.223936152482363
"143","4","6","1","2",2954,728.160736083984,0.246499910658085
"144","4","6","1","3",2959,496.5341796875,0.167804724463501
"145","4","7","1","1",2951,780.214477539062,0.264389860230113
"146","4","7","1","2",2959,752.077209472656,0.254166005229015
"147","4","7","1","3",2957,548.717254638672,0.185565524057718
"148","4","8","1","1",2957,752.000366210938,0.254311926347967
"149","4","8","1","2",2957,767.530090332031,0.259563777589459
"150","4","8","1","3",2955,618.019561767578,0.209143675725069
"151","4","9","1","1",2953,706.098388671875,0.239112221019937
"152","4","9","1","2",2956,773.061187744141,0.261522729277449
"153","4","9","1","3",2959,566.162292480469,0.191335685191101
"154","4","10","1","1",2957,646.872192382812,0.218759618661756
"155","4","10","1","2",2955,559.346649169922,0.189288206148874
"156","4","10","1","3",2956,259.273254394531,0.0877108438411811
"157","4","11","1","1",2959,863.396697998047,0.291786650219009
"158","4","11","1","2",2951,865.96484375,0.293447930786174
"159","4","11","1","3",2961,845.434051513672,0.285523151473716
"160","4","12","1","1",2953,873.176788330078,0.295691428489698
"161","4","12","1","2",2959,916.202392578125,0.309632440884801
"162","4","12","1","3",2954,900.671234130859,0.304898860572397
"163","4","13","1","1",2961,934.649291992188,0.315653256329682
"164","4","13","1","2",2952,901.381652832031,0.305346088357734
"165","4","13","1","3",2957,960.921600341797,0.324965032242745
"166","4","14","1","1",2956,861.665985107422,0.291497288601969
"167","4","14","1","2",2954,882.365692138672,0.298701994630559
"168","4","14","1","3",2958,886.163330078125,0.299581923623436
"169","5","1","1","1",2959,719.831146240234,0.243268383318768
"170","5","1","1","2",2958,791.776306152344,0.267672855359143
"171","5","1","1","3",2952,830.092498779297,0.281196645927946
"172","5","2","1","1",2956,693.490447998047,0.234604346413412
"173","5","2","1","2",2956,754.237121582031,0.2551546419425
"174","5","2","1","3",2957,869.065368652344,0.293901037758655
"175","5","3","1","1",2954,523.048492431641,0.177064486266635
"176","5","3","1","2",2961,535.145385742188,0.18073130217568
"177","5","3","1","3",2952,678.277313232422,0.229768737544858
"178","5","4","1","1",2960,611.532928466797,0.206598962319864
"179","5","4","1","2",2954,650.475677490234,0.220201651147676
"180","5","4","1","3",2958,692.248718261719,0.234025935855889
"181","5","5","1","1",2956,466.7490234375,0.157898857725812
"182","5","5","1","2",2958,418.779876708984,0.141575347095667
"183","5","5","1","3",2957,550.355499267578,0.186119546590321
"184","5","6","1","1",2959,-35.718505859375,-0.012071140878464
"185","5","6","1","2",2957,24.0013427734375,0.0081167882223326
"186","5","6","1","3",2954,66.5306396484375,0.0225222205986586
"187","5","7","1","1",2954,470.562561035156,0.159296736978726
"188","5","7","1","2",2958,777.895446777344,0.262980205130948
"189","5","7","1","3",2959,781.610717773438,0.26414691374567
"190","5","8","1","1",2958,736.424652099609,0.24896032863408
"191","5","8","1","2",2957,749.810089111328,0.253571217149587
"192","5","8","1","3",2956,789.050415039062,0.266931804817004
"193","5","9","1","1",2959,774.329040527344,0.261686056278251
"194","5","9","1","2",2954,735.705596923828,0.249054027394661
"195","5","9","1","3",2961,705.007934570312,0.238097917788015
"196","5","10","1","1",2954,291.854888916016,0.0987998946905943
"197","5","10","1","2",2961,763.962524414062,0.258008282476887
"198","5","10","1","3",2954,778.472106933594,0.263531518934866
"199","5","11","1","1",2958,692.048553466797,0.233958266892088
"200","5","11","1","2",2955,782.508819580078,0.264808399181076
"201","5","11","1","3",2956,768.022827148438,0.259818277113815
"202","5","12","1","1",2953,449.255615234375,0.152135325172494
"203","5","12","1","2",2959,688.521087646484,0.232687086058291
"204","5","12","1","3",2959,605.245178222656,0.204543825016106
"205","5","13","1","1",2958,447.72802734375,0.151361740143256
"206","5","13","1","2",2955,715.309020996094,0.242067350590895
"207","5","13","1","3",2956,878.42578125,0.297167043724628
"208","5","14","1","1",2954,412.737518310547,0.139721570179603
"209","5","14","1","2",2955,446.331024169922,0.151042647773239
"210","5","14","1","3",2962,414.3564453125,0.139890764791526
"211","6","1","1","1",2955,332.393768310547,0.112485200781911
"212","6","1","1","2",2959,304.677612304688,0.102966411728519
"213","6","1","1","3",2953,190.274841308594,0.064434419677817
"214","6","2","1","1",2960,659.321319580078,0.222743689047324
"215","6","2","1","2",2951,622.880828857422,0.211074493004887
"216","6","2","1","3",2959,590.861572265625,0.199682856460164
"217","6","3","1","1",2956,708.980346679688,0.239844501583115
"218","6","3","1","2",2956,694.597869873047,0.234978981689123
"219","6","3","1","3",2957,517.756164550781,0.17509508439323
"220","6","4","1","1",2959,680.519714355469,0.229983005865316
"221","6","4","1","2",2953,652.983154296875,0.221125348559727
"222","6","4","1","3",2955,601.425628662109,0.203528131526941
"223","6","5","1","1",2955,683.620178222656,0.231343545929833
"224","6","5","1","2",2955,624.580078125,0.211363816624365
"225","6","5","1","3",2960,506.610107421875,0.171152063318201
"226","6","6","1","1",2957,18.3702087402344,0.00621244800143198
"227","6","6","1","2",2957,65.5318603515625,0.0221616030948808
"228","6","6","1","3",2953,-32.0799255371094,-0.0108635033989534
"229","6","7","1","1",2958,709.686370849609,0.23992101786667
"230","6","7","1","2",2952,789.782348632812,0.267541446013825
"231","6","7","1","3",2961,523.536743164062,0.176810787964898
"232","6","8","1","1",2956,781.306915283203,0.264312217619487
"233","6","8","1","2",2960,767.470703125,0.259280642947635
"234","6","8","1","3",2953,764.952667236328,0.259042555786091
"235","6","9","1","1",2959,790.139434814453,0.267029210819349
"236","6","9","1","2",2955,756.571838378906,0.256031078977633
"237","6","9","1","3",2953,763.130493164062,0.258425497177129
"238","6","10","1","1",2954,805.194122314453,0.272577563410445
"239","6","10","1","2",2959,748.528228759766,0.252966620060752
"240","6","10","1","3",2956,499.416473388672,0.168950092486019
"241","6","11","1","1",2960,825.041046142578,0.278730083156276
"242","6","11","1","2",2956,794.330383300781,0.268717991644378
"243","6","11","1","3",2952,738.421478271484,0.250142777192237
"244","6","12","1","1",2957,688.490447998047,0.232834104835322
"245","6","12","1","2",2954,690.256774902344,0.233668508768566
"246","6","12","1","3",2961,611.062438964844,0.206370293470059
"247","6","13","1","1",2955,633.70947265625,0.214453290239002
"248","6","13","1","2",2962,423.931854248047,0.1431235159514
"249","6","13","1","3",2949,605.522308349609,0.205331403306073
"250","6","14","1","1",2958,318.365081787109,0.107628492828637
"251","6","14","1","2",2954,373.928833007812,0.126583897429862
"252","6","14","1","3",2955,372.027099609375,0.12589749563769
"253","7","1","1","1",2954,177.480255126953,0.0600813321350552
"254","7","1","1","2",2959,189.151672363281,0.0639241880240896
"255","7","1","1","3",2958,294.986083984375,0.0997248424558401
"256","7","2","1","1",2959,584.184783935547,0.197426422418231
"257","7","2","1","2",2954,556.605224609375,0.188424246651786
"258","7","2","1","3",2956,562.131927490234,0.19016641660698
"259","7","3","1","1",2951,427.334625244141,0.144810106826208
"260","7","3","1","2",2957,505.816986083984,0.171057485993907
"261","7","3","1","3",2961,463.372039794922,0.156491739208011
"262","7","4","1","1",2954,428.4208984375,0.145030771305856
"263","7","4","1","2",2961,507.924987792969,0.17153832752211
"264","7","4","1","3",2952,498.261047363281,0.168787617670488
"265","7","5","1","1",2956,442.436676025391,0.149674112322527
"266","7","5","1","2",2953,566.692230224609,0.191903904579956
"267","7","5","1","3",2961,658.498474121094,0.222390568767678
"268","7","6","1","1",2953,540.061950683594,0.182885862066913
"269","7","6","1","2",2961,629.758941650391,0.212684546318943
"270","7","6","1","3",2956,686.626708984375,0.232282377870222
"271","7","7","1","1",2958,636.701171875,0.21524718454192
"272","7","7","1","2",2954,608.856964111328,0.206112716354546
"273","7","7","1","3",2955,769.011169433594,0.260240666474989
"274","7","8","1","1",2950,600.532867431641,0.203570463536149
"275","7","8","1","2",2959,662.369201660156,0.223849003602621
"276","7","8","1","3",2960,748.783569335938,0.252967422072952
"277","7","9","1","1",2958,31.8167114257812,0.0107561566686211
"278","7","9","1","2",2956,61.685546875,0.0208679116627199
"279","7","9","1","3",2953,76.1563415527344,0.0257894824086469
"280","7","10","1","1",2956,78.8133239746094,0.0266621529007474
"281","7","10","1","2",2951,56.4617614746094,0.0191330943661841
"282","7","10","1","3",2963,65.7232971191406,0.0221813355110161
"283","7","11","1","1",2955,555.952911376953,0.188139733122488
"284","7","11","1","2",2961,644.614898681641,0.217701755718217
"285","7","11","1","3",2953,583.912933349609,0.197735500626349
"286","7","12","1","1",2960,464.124664306641,0.156798873076568
"287","7","12","1","2",2950,555.096221923828,0.188168210821637
"288","7","12","1","3",2957,603.195159912109,0.203988894119753
"289","7","13","1","1",2954,257.423736572266,0.0871441220623783
"290","7","13","1","2",2957,280.670166015625,0.0949172018990954
"291","7","13","1","3",2959,382.313446044922,0.129203597852289
"292","7","14","1","1",2962,844.498138427734,0.285110782723746
"293","7","14","1","2",2952,847.093078613281,0.286955649936748
"294","7","14","1","3",2954,868.049987792969,0.293855784628629
"295","8","1","1","1",2954,676.267028808594,0.228932643469395
"296","8","1","1","2",2955,657.573516845703,0.222529108915636
"297","8","1","1","3",2961,633.863220214844,0.214070658633855
"298","8","2","1","1",2956,291.925262451172,0.0987568546857821
"299","8","2","1","2",2963,249.037292480469,0.0840490355992132
"300","8","2","1","3",2948,124.184783935547,0.042125096314636
"301","8","3","1","1",2958,484.307556152344,0.163728044676249
"302","8","3","1","2",2953,482.751617431641,0.163478366891853
"303","8","3","1","3",2956,299.512298583984,0.101323511022999
"304","8","4","1","1",2956,575.790405273438,0.194787011256237
"305","8","4","1","2",2960,581.265014648438,0.196373315759607
"306","8","4","1","3",2956,450.703704833984,0.152470806777397
"307","8","5","1","1",2963,597.366882324219,0.20160880267439
"308","8","5","1","2",2954,599.055572509766,0.202794709718946
"309","8","5","1","3",2953,365.591613769531,0.123803458777356
"310","8","6","1","1",2951,693.831207275391,0.235117318629411
"311","8","6","1","2",2958,719.600555419922,0.243272669175092
"312","8","6","1","3",2960,726.321166992188,0.245378772632496
"313","8","7","1","1",2958,764.602172851562,0.258486197718581
"314","8","7","1","2",2961,745.077819824219,0.251630469376636
"315","8","7","1","3",2951,688.673645019531,0.233369584893098
"316","8","8","1","1",2957,916.377044677734,0.309900928196731
"317","8","8","1","2",2952,858.170715332031,0.290708236901095
"318","8","8","1","3",2962,568.215057373047,0.191834928215073
"319","8","9","1","1",2956,100.963134765625,0.0341553229924306
"320","8","9","1","2",2962,59.0154113769531,0.0199241766971483
"321","8","9","1","3",2956,56.1515197753906,0.0189957780025002
"322","8","10","1","1",2961,124.259643554688,0.0419654317982734
"323","8","10","1","2",2953,102.940002441406,0.034859465777652
"324","8","10","1","3",2955,81.8007202148438,0.0276821388205901
"325","8","11","1","1",2951,810.142608642578,0.274531551556279
"326","8","11","1","2",2960,694.815124511719,0.234734839362067
"327","8","11","1","3",2959,653.269439697266,0.220773720749329
"328","8","12","1","1",2961,724.9814453125,0.244843446576326
"329","8","12","1","2",2956,577.666198730469,0.195421582791092
"330","8","12","1","3",2953,308.164306640625,0.104356351723882
"331","8","13","1","1",2954,327.463409423828,0.110854234740632
"332","8","13","1","2",2953,274.444366455078,0.092937475941442
"333","8","13","1","3",2964,236.992889404297,0.0799571151836359
"334","8","14","1","1",2954,960.899688720703,0.325287640054402
"335","8","14","1","2",2963,909.808441162109,0.307056510685828
"336","8","14","1","3",2952,932.054565429688,0.315736641405721
"337","9","1","1","1",2959,287.556335449219,0.0971802417875021
"338","9","1","1","2",2950,452.008605957031,0.153223256256621
"339","9","1","1","3",2958,371.176727294922,0.125482328362043
"340","9","2","1","1",2954,183.082214355469,0.0619777299781546
"341","9","2","1","2",2957,172.867279052734,0.0584603581510769
"342","9","2","1","3",2959,173.218566894531,0.0585395629924066
"343","9","3","1","1",2963,375.647155761719,0.126779330327951
"344","9","3","1","2",2952,414.995849609375,0.140581249867674
"345","9","3","1","3",2954,368.540435791016,0.124759795460736
"346","9","4","1","1",2952,584.736785888672,0.198081567035458
"347","9","4","1","2",2953,580.929077148438,0.196725051523345
"348","9","4","1","3",2962,701.980163574219,0.236995328688122
"349","9","5","1","1",2957,196.924652099609,0.0665960947242507
"350","9","5","1","2",2959,382.219055175781,0.12917169826826
"351","9","5","1","3",2952,519.115570068359,0.175852157882236
"352","9","6","1","1",2959,590.470886230469,0.199550823328986
"353","9","6","1","2",2948,728.808715820312,0.247221409708383
"354","9","6","1","3",2961,773.576385498047,0.261255111617037
"355","9","7","1","1",2955,771.846008300781,0.261200002809063
"356","9","7","1","2",2959,793.555816650391,0.268183783930514
"357","9","7","1","3",2957,844.184448242188,0.285486793453564
"358","9","8","1","1",2963,791.251800537109,0.267044144629467
"359","9","8","1","2",2952,893.578033447266,0.30270258585612
"360","9","8","1","3",2953,928.823486328125,0.314535552430791
"361","9","9","1","1",2951,499.955444335938,0.169418991642134
"362","9","9","1","2",2959,717.263397216797,0.24240060737303
"363","9","9","1","3",2957,842.232360839844,0.284826635387164
"364","9","10","1","1",2960,413.891693115234,0.139828274701093
"365","9","10","1","2",2959,919.568939208984,0.3107701720882
"366","9","10","1","3",2948,843.526000976562,0.286135007115523
"367","9","11","1","1",2957,417.551544189453,0.141207826915608
"368","9","11","1","2",2951,752.891235351562,0.255130882870743
"369","9","11","1","3",2961,864.696899414062,0.292028672547809
"370","9","12","1","1",2956,651.265441894531,0.220319838259314
"371","9","12","1","2",2963,659.198059082031,0.222476563983136
"372","9","12","1","3",2952,705.576446533203,0.239016411427237
"373","9","13","1","1",2960,779.635559082031,0.263390391581767
"374","9","13","1","2",2954,764.466735839844,0.258790364197645
"375","9","13","1","3",2953,788.306549072266,0.266951083329585
"376","9","14","1","1",2951,774.456024169922,0.262438503615697
"377","9","14","1","2",2961,791.871002197266,0.26743363802677
"378","9","14","1","3",2955,770.160430908203,0.260629587447784
"379","10","1","1","1",2962,846.722198486328,0.285861647024419
"380","10","1","1","2",2956,798.893890380859,0.270261803241157
"381","10","1","1","3",2953,591.783447265625,0.200400761011048
"382","10","2","1","1",2952,755.950561523438,0.2560808135242
"383","10","2","1","2",2953,706.513519287109,0.23925280030041
"384","10","2","1","3",2964,500.315399169922,0.168797368140999
"385","10","3","1","1",2954,567.682983398438,0.192174334258103
"386","10","3","1","2",2962,480.000793457031,0.162052934995622
"387","10","3","1","3",2953,249.0078125,0.0843236750761937
"388","10","4","1","1",2956,765.519073486328,0.258971269785632
"389","10","4","1","2",2953,769.923248291016,0.260725786756185
"390","10","4","1","3",2958,689.270782470703,0.23301919623756
"391","10","5","1","1",2950,511.584930419922,0.173418620481329
"392","10","5","1","2",2961,728.458160400391,0.246017615805603
"393","10","5","1","3",2958,415.979187011719,0.140628528401528
"394","10","6","1","1",2962,780.474792480469,0.263495878622711
"395","10","6","1","2",2954,705.57763671875,0.238854988733497
"396","10","6","1","3",2955,657.876647949219,0.222631691353374
"397","10","7","1","1",2949,861.664245605469,0.292188621771946
"398","10","7","1","2",2957,897.269073486328,0.303438983255437
"399","10","7","1","3",2960,748.096710205078,0.252735375069283
"400","10","8","1","1",2956,917.444213867188,0.310366784122865
"401","10","8","1","2",2960,836.382781982422,0.282561750669737
"402","10","8","1","3",2953,782.675201416016,0.265044091234682
"403","10","9","1","1",2956,830.328582763672,0.280896002288116
"404","10","9","1","2",2951,735.634094238281,0.249282986864887
"405","10","9","1","3",2962,544.724426269531,0.183904262751361
"406","10","10","1","1",2953,939.315765380859,0.31808864388109
"407","10","10","1","2",2961,886.866790771484,0.299515971216307
"408","10","10","1","3",2956,641.564392089844,0.217038021681273
"409","10","11","1","1",2960,824.543762207031,0.2785620818267
"410","10","11","1","2",2952,610.837585449219,0.206923301303936
"411","10","11","1","3",2956,411.049926757812,0.139056132191412
"412","10","12","1","1",2951,799.789825439453,0.271023322751424
"413","10","12","1","2",2958,786.203033447266,0.265788719894275
"414","10","12","1","3",2958,685.341156005859,0.231690722111514
"415","10","13","1","1",2962,837.337799072266,0.282693382536214
"416","10","13","1","2",2954,933.330474853516,0.315954798528611
"417","10","13","1","3",2953,846.882110595703,0.286787033726957
"418","10","14","1","1",2957,896.962921142578,0.303335448475677
"419","10","14","1","2",2950,790.721801757812,0.268041288731462
"420","10","14","1","3",2962,721.563446044922,0.243606835261621
"421","11","1","1","1",2954,256.399047851562,0.0867972403018153
"422","11","1","1","2",2963,225.614959716797,0.0761440971032052
"423","11","1","1","3",2951,255.661102294922,0.086635412502515
"424","11","2","1","1",2959,450.806762695312,0.15235105194164
"425","11","2","1","2",2955,495.545654296875,0.167697344939721
"426","11","2","1","3",2954,515.710418701172,0.174580371936754
"427","11","3","1","1",2952,475.408660888672,0.161046294338981
"428","11","3","1","2",2960,636.022583007812,0.214872494259396
"429","11","3","1","3",2955,624.129730224609,0.211211414627617
"430","11","4","1","1",2964,5.68304443359375,0.00191735642159033
"431","11","4","1","2",2955,90.6859741210938,0.0306889929343803
"432","11","4","1","3",2953,119.907104492188,0.0406051826929182
"433","11","5","1","1",2954,402.924591064453,0.136399658451067
"434","11","5","1","2",2955,414.891662597656,0.140403269914604
"435","11","5","1","3",2959,464.369781494141,0.156934701417418
"436","11","6","1","1",2957,535.403503417969,0.181063071835634
"437","11","6","1","2",2961,537.725677490234,0.181602727960228
"438","11","6","1","3",2952,654.117004394531,0.221584351082158
"439","11","7","1","1",2958,622.481658935547,0.210440046969421
"440","11","7","1","2",2953,739.541778564453,0.250437446178277
"441","11","7","1","3",2958,857.620300292969,0.289932488266724
"442","11","8","1","1",2954,648.889007568359,0.219664525243182
"443","11","8","1","2",2961,706.813018798828,0.238707537588257
"444","11","8","1","3",2957,873.815246582031,0.295507354271908
"445","11","9","1","1",2963,524.858276367188,0.17713745405575
"446","11","9","1","2",2955,744.094268798828,0.251808551200957
"447","11","9","1","3",2955,719.120178222656,0.243357082308852
"448","11","10","1","1",2953,679.758209228516,0.230192417618867
"449","11","10","1","2",2958,767.992645263672,0.259632402049923
"450","11","10","1","3",2958,862.283966064453,0.291509116316583
"451","11","11","1","1",2959,72.2529602050781,0.0244180331886036
"452","11","11","1","2",2959,123.595520019531,0.04176935451826
"453","11","11","1","3",2954,118.939666748047,0.0402639359336652
"454","11","12","1","1",2957,758.247619628906,0.256424626184953
"455","11","12","1","2",2953,650.366973876953,0.220239408695209
"456","11","12","1","3",2961,763.035614013672,0.257695242827988
"457","11","13","1","1",2955,621.644470214844,0.210370379091318
"458","11","13","1","2",2960,715.983154296875,0.241886200775971
"459","11","13","1","3",2956,763.670135498047,0.258345783321396
"460","11","14","1","1",2957,760.360504150391,0.257139162715722
"461","11","14","1","2",2956,736.731048583984,0.24923242509607
"462","11","14","1","3",2956,789.671966552734,0.267142072582116
"463","12","1","1","1",2952,680.578704833984,0.23054834174593
"464","12","1","1","2",2957,604.349945068359,0.204379420043409
"465","12","1","1","3",2957,529.546722412109,0.179082422188742
"466","12","2","1","1",2963,725.142852783203,0.24473265365616
"467","12","2","1","2",2953,688.494506835938,0.233150865843528
"468","12","2","1","3",2956,668.863677978516,0.226273233416277
"469","12","3","1","1",2956,663.529205322266,0.224468608025124
"470","12","3","1","2",2951,677.000396728516,0.229413892486789
"471","12","3","1","3",2961,646.611968994141,0.21837621377715
"472","12","4","1","1",2955,97.3659362792969,0.0329495554244659
"473","12","4","1","2",2959,122.257568359375,0.0413171910643376
"474","12","4","1","3",2954,118.749572753906,0.0401995845477002
"475","12","5","1","1",2958,451.051208496094,0.152485195570011
"476","12","5","1","2",2952,450.114929199219,0.152477957045806
"477","12","5","1","3",2958,475.095581054688,0.160613786698677
"478","12","6","1","1",2954,680.365814208984,0.230320180842581
"479","12","6","1","2",2957,654.768463134766,0.221429984151087
"480","12","6","1","3",2957,506.431457519531,0.171265288305557
"481","12","7","1","1",2963,666.901031494141,0.225076284675714
"482","12","7","1","2",2951,592.775634765625,0.200872800666088
"483","12","7","1","3",2958,513.205413818359,0.173497435367938
"484","12","8","1","1",2954,842.523498535156,0.285214454480418
"485","12","8","1","2",2955,842.473876953125,0.285101142792936
"486","12","8","1","3",2957,795.953399658203,0.269175989062632
"487","12","9","1","1",2957,768.444671630859,0.259873071231268
"488","12","9","1","2",2959,754.213134765625,0.254887845476724
"489","12","9","1","3",2952,514.881591796875,0.174417883400025
"490","12","10","1","1",2958,820.696166992188,0.277449684581537
"491","12","10","1","2",2953,820.037628173828,0.277696453834686
"492","12","10","1","3",2958,711.900299072266,0.240669472302997
"493","12","11","1","1",2956,170.429840087891,0.0576555615994217
"494","12","11","1","2",2960,76.0781555175781,0.0257020795667494
"495","12","11","1","3",2953,65.3838500976562,0.0221415002023895
"496","12","12","1","1",2960,906.284484863281,0.30617719083219
"497","12","12","1","2",2955,843.815887451172,0.285555291861649
"498","12","12","1","3",2955,684.178619384766,0.231532527710581
"499","12","13","1","1",2954,851.132598876953,0.288128841867621
"500","12","13","1","2",2959,841.43505859375,0.284364670021544
"501","12","13","1","3",2953,758.438507080078,0.256836609238089
"502","12","14","1","1",2960,874.822296142578,0.295548073021141
"503","12","14","1","2",2957,861.687896728516,0.291406119962298
"504","12","14","1","3",2952,771.806396484375,0.261452031329395
"505","13","1","1","1",2956,646.918701171875,0.218849357635952
"506","13","1","1","2",2955,700.272216796875,0.236978753569162
"507","13","1","1","3",2961,751.14501953125,0.253679506765029
"508","13","2","1","1",2954,689.358795166016,0.23336452104469
"509","13","2","1","2",2959,661.173309326172,0.223444849383634
"510","13","2","1","3",2955,766.316375732422,0.259328722752089
"511","13","3","1","1",2956,623.481170654297,0.210920558408084
"512","13","3","1","2",2956,615.875335693359,0.208347542521434
"513","13","3","1","3",2958,504.348571777344,0.170503235894978
"514","13","4","1","1",2950,407.378448486328,0.138094389317399
"515","13","4","1","2",2961,501.580993652344,0.169395810081845
"516","13","4","1","3",2956,613.655303955078,0.207596516899553
"517","13","5","1","1",2960,322.219207763672,0.1088578404607
"518","13","5","1","2",2954,307.527374267578,0.10410540767352
"519","13","5","1","3",2958,377.438232421875,0.127599131988463
"520","13","6","1","1",2952,498.516082763672,0.168874011776312
"521","13","6","1","2",2956,519.372222900391,0.175701022632067
"522","13","6","1","3",2959,691.714996337891,0.23376647392291
"523","13","7","1","1",2954,659.693939208984,0.223322254302297
"524","13","7","1","2",2959,828.591949462891,0.280024315465661
"525","13","7","1","3",2954,928.117248535156,0.314189996118875
"526","13","8","1","1",2954,744.439147949219,0.252010544329458
"527","13","8","1","2",2956,857.612945556641,0.29012616561456
"528","13","8","1","3",2959,996.444610595703,0.336750459816054
"529","13","9","1","1",2954,708.796844482422,0.239944767935823
"530","13","9","1","2",2959,741.551605224609,0.250608856108351
"531","13","9","1","3",2955,828.896362304688,0.280506383182635
"532","13","10","1","1",2959,751.653717041016,0.254022885110178
"533","13","10","1","2",2953,820.594696044922,0.277885098559066
"534","13","10","1","3",2960,840.314971923828,0.28389019321751
"535","13","11","1","1",2952,420.360717773438,0.142398617131923
"536","13","11","1","2",2959,687.829406738281,0.232453331104522
"537","13","11","1","3",2955,777.408081054688,0.263082260932212
"538","13","12","1","1",2957,863.944000244141,0.292169090376781
"539","13","12","1","2",2956,910.257385253906,0.30793551598576
"540","13","12","1","3",2954,942.249786376953,0.318974199856788
"541","13","13","1","1",2956,860.366851806641,0.291057798310771
"542","13","13","1","2",2954,841.211181640625,0.284770203669812
"543","13","13","1","3",2961,886.193908691406,0.299288722962312
"544","13","14","1","1",2958,904.793365478516,0.305880110033305
"545","13","14","1","2",2955,963.683685302734,0.326119690457778
"546","13","14","1","3",2956,977.253601074219,0.330600000363403
"547","14","1","1","1",2958,917.341369628906,0.310122166879279
"548","14","1","1","2",2956,891.086395263672,0.301450066056723
"549","14","1","1","3",2956,713.024322509766,0.24121255835919
"550","14","2","1","1",2954,782.9951171875,0.265062666617299
"551","14","2","1","2",2960,643.098114013672,0.21726287635597
"552","14","2","1","3",2952,259.117095947266,0.0877767940200764
"553","14","3","1","1",2961,675.701812744141,0.228200544661986
"554","14","3","1","2",2955,731.245544433594,0.24746042112812
"555","14","3","1","3",2955,591.469909667969,0.200159021884253
"556","14","4","1","1",2956,614.7392578125,0.207963213062415
"557","14","4","1","2",2956,658.712219238281,0.222839045750433
"558","14","4","1","3",2957,256.469024658203,0.0867328456740626
"559","14","5","1","1",2958,557.869598388672,0.188596889245663
"560","14","5","1","2",2958,698.924438476562,0.236282771628317
"561","14","5","1","3",2951,465.538238525391,0.157756095738865
"562","14","6","1","1",2956,680.247772216797,0.230124415499593
"563","14","6","1","2",2956,587.999481201172,0.198917280514605
"564","14","6","1","3",2958,490.771026611328,0.165913125967318
"565","14","7","1","1",2956,856.311584472656,0.289685921675459
"566","14","7","1","2",2960,850.186401367188,0.287225135597023
"567","14","7","1","3",2953,926.554016113281,0.313767022049875
"568","14","8","1","1",2960,919.191925048828,0.310537812516496
"569","14","8","1","2",2954,880.355346679688,0.298021444373625
"570","14","8","1","3",2959,812.927215576172,0.274730387149771
"571","14","9","1","1",2955,757.403564453125,0.25631254296214
"572","14","9","1","2",2959,849.991638183594,0.287256383299626
"573","14","9","1","3",2957,680.6748046875,0.230191005981569
"574","14","10","1","1",2959,794.500366210938,0.268502996353815
"575","14","10","1","2",2957,753.190032958984,0.254714248548862
"576","14","10","1","3",2954,742.079040527344,0.251211591241484
"577","14","11","1","1",2955,690.823760986328,0.233781306594358
"578","14","11","1","2",2956,747.727844238281,0.252952586007538
"579","14","11","1","3",2961,625.110321044922,0.211114596773023
"580","14","12","1","1",2959,945.592681884766,0.319564948254399
"581","14","12","1","2",2958,937.424133300781,0.316911471704118
"582","14","12","1","3",2954,835.708343505859,0.282907360699343
"583","14","13","1","1",2957,768.541564941406,0.259905838668044
"584","14","13","1","2",2954,790.072113037109,0.267458399809448
"585","14","13","1","3",2961,778.808410644531,0.263022090727636
"586","14","14","1","1",2952,1000.19692993164,0.338820098215325
"587","14","14","1","2",2962,959.807434082031,0.32404032210737
"588","14","14","1","3",2954,900.816345214844,0.3049479841621
"589","15","1","1","1",2959,715.006622314453,0.241637925756828
"590","15","1","1","2",2953,853.778106689453,0.28912228468996
"591","15","1","1","3",2956,853.809173583984,0.288839368600807
"592","15","2","1","1",2956,525.787506103516,0.177871280819863
"593","15","2","1","2",2954,554.470733642578,0.187701670156594
"594","15","2","1","3",2961,594.519134521484,0.200783226788749
"595","15","3","1","1",2958,464.150146484375,0.156913504558612
"596","15","3","1","2",2954,485.464904785156,0.16434153851901
"597","15","3","1","3",2955,652.091430664062,0.220673919006451
"598","15","4","1","1",2956,479.675811767578,0.162271925496474
"599","15","4","1","2",2953,624.449890136719,0.211462881861402
"600","15","4","1","3",2961,664.380676269531,0.224377128088325
"601","15","5","1","1",2954,437.659057617188,0.148158110229244
"602","15","5","1","2",2960,499.581390380859,0.16877749675029
"603","15","5","1","3",2952,544.778106689453,0.184545429095343
"604","15","6","1","1",2961,557.511322021484,0.188284809868789
"605","15","6","1","2",2950,565.483978271484,0.191689484159825
"606","15","6","1","3",2959,590.060699462891,0.199412199886073
"607","15","7","1","1",2956,309.055999755859,0.104552097346367
"608","15","7","1","2",2956,595.306091308594,0.201389070131459
"609","15","7","1","3",2958,545.902069091797,0.184551071363014
"610","15","8","1","1",2959,396.645294189453,0.13404707475142
"611","15","8","1","2",2955,592.217895507812,0.20041214737997
"612","15","8","1","3",2952,594.484619140625,0.201383678570672
"613","15","9","1","1",2954,430.96923828125,0.14589344559284
"614","15","9","1","2",2955,471.522033691406,0.159567524091846
"615","15","9","1","3",2961,585.822357177734,0.197846118601059
"616","15","10","1","1",2958,449.468383789062,0.151950095939507
"617","15","10","1","2",2959,558.436096191406,0.188724601619265
"618","15","10","1","3",2951,550.395263671875,0.186511441434048
"619","15","11","1","1",2959,613.601013183594,0.207367696243188
"620","15","11","1","2",2952,666.907379150391,0.225917133858533
"621","15","11","1","3",2959,708.697570800781,0.23950576911145
"622","15","12","1","1",2954,130.865905761719,0.0443012544894105
"623","15","12","1","2",2962,225.151763916016,0.0760134246846778
"624","15","12","1","3",2952,210.011993408203,0.0711422741897707
"625","15","13","1","1",2961,827.467895507812,0.279455554038437
"626","15","13","1","2",2955,836.890014648438,0.283211510879336
"627","15","13","1","3",2952,932.6572265625,0.315940794905996
"628","15","14","1","1",2953,475.581665039062,0.161050343731481
"629","15","14","1","2",2957,652.572784423828,0.22068744823261
"630","15","14","1","3",2959,766.53125,0.259050777289625
"631","16","1","1","1",2960,678.170440673828,0.22911163536278
"632","16","1","1","2",2957,619.665710449219,0.209558914592228
"633","16","1","1","3",2954,471.515411376953,0.159619299721379
"634","16","2","1","1",2955,779.517822265625,0.263796217348773
"635","16","2","1","2",2956,700.216888427734,0.236879867533063
"636","16","2","1","3",2960,454.895446777344,0.153680894181535
"637","16","3","1","1",2952,665.055633544922,0.22528984876183
"638","16","3","1","2",2963,609.212982177734,0.205606811399843
"639","16","3","1","3",2953,288.22509765625,0.0976041644619878
"640","16","4","1","1",2959,628.063262939453,0.212255242629082
"641","16","4","1","2",2952,806.934509277344,0.273351798535686
"642","16","4","1","3",2958,763.300445556641,0.258046127639162
"643","16","5","1","1",2952,540.388000488281,0.183058265748063
"644","16","5","1","2",2958,614.972778320312,0.20790154777563
"645","16","5","1","3",2961,530.703125,0.179231045254981
"646","16","6","1","1",2958,610.774353027344,0.206482201834802
"647","16","6","1","2",2956,611.434204101562,0.206845129939635
"648","16","6","1","3",2953,507.394989013672,0.171823565531213
"649","16","7","1","1",2951,635.754669189453,0.21543702785139
"650","16","7","1","2",2956,624.904296875,0.211401994883288
"651","16","7","1","3",2962,432.951599121094,0.146168669520963
"652","16","8","1","1",2953,749.718597412109,0.253883710603491
"653","16","8","1","2",2963,585.448822021484,0.197586507600906
"654","16","8","1","3",2952,533.357238769531,0.180676571398893
"655","16","9","1","1",2958,694.654388427734,0.234839211774082
"656","16","9","1","2",2952,640.711791992188,0.217043289970253
"657","16","9","1","3",2960,507.214416503906,0.17135622179186
"658","16","10","1","1",2951,652.918762207031,0.221253392818377
"659","16","10","1","2",2960,732.313812255859,0.247403314951304
"660","16","10","1","3",2958,597.626617431641,0.202037396021515
"661","16","11","1","1",2959,703.198883056641,0.237647476531477
"662","16","11","1","2",2955,774.364929199219,0.262052429509042
"663","16","11","1","3",2953,723.771301269531,0.24509695268186
"664","16","12","1","1",2951,154.788513183594,0.0524529017904418
"665","16","12","1","2",2956,150.3701171875,0.0508694577765562
"666","16","12","1","3",2961,199.801208496094,0.0674776117852394
"667","16","13","1","1",2959,967.425659179688,0.326943446833284
"668","16","13","1","2",2957,971.961608886719,0.328698548828786
"669","16","13","1","3",2953,867.723480224609,0.29384472747193
"670","16","14","1","1",2958,889.748321533203,0.300793888280326
"671","16","14","1","2",2949,919.152557373047,0.31168279327672
"672","16","14","1","3",2962,907.897552490234,0.306515041353894
"673","17","1","1","1",2954,538.381591796875,0.182255108935977
"674","17","1","1","2",2963,607.5341796875,0.205040222641748
"675","17","1","1","3",2952,604.771362304688,0.20486834766419
"676","17","2","1","1",2961,540.220458984375,0.182445274901849
"677","17","2","1","2",2954,531.632904052734,0.179970515928482
"678","17","2","1","3",2952,630.956207275391,0.213738552600065
"679","17","3","1","1",2954,439.186340332031,0.148675132136774
"680","17","3","1","2",2957,581.668304443359,0.196708929470193
"681","17","3","1","3",2959,562.599670410156,0.190131689898667
"682","17","4","1","1",2961,411.984191894531,0.139136842922841
"683","17","4","1","2",2957,588.7197265625,0.199093583551742
"684","17","4","1","3",2950,685.482330322266,0.232366891634666
"685","17","5","1","1",2954,550.729705810547,0.186435242319075
"686","17","5","1","2",2955,539.379150390625,0.182531015360618
"687","17","5","1","3",2959,585.947479248047,0.198022128843544
"688","17","6","1","1",2955,122.609710693359,0.0414922878826935
"689","17","6","1","2",2964,275.439270019531,0.0929282287515288
"690","17","6","1","3",2949,450.763977050781,0.15285316278426
"691","17","7","1","1",2962,421.181732177734,0.142195048000586
"692","17","7","1","2",2951,585.885101318359,0.198537818135669
"693","17","7","1","3",2957,635.374267578125,0.214871243685534
"694","17","8","1","1",2954,650.813323974609,0.22031595259804
"695","17","8","1","2",2959,688.115264892578,0.232549937442575
"696","17","8","1","3",2959,645.037689208984,0.217991784119292
"697","17","9","1","1",2962,781.387054443359,0.263803867131451
"698","17","9","1","2",2957,770.927429199219,0.260712691646675
"699","17","9","1","3",2951,774.435089111328,0.262431409390487
"700","17","10","1","1",2952,468.324920654297,0.158646653338176
"701","17","10","1","2",2956,629.074920654297,0.212812896026487
"702","17","10","1","3",2962,654.866638183594,0.221089344423901
"703","17","11","1","1",2958,625.936767578125,0.211608102629522
"704","17","11","1","2",2961,720.837005615234,0.243443770893358
"705","17","11","1","3",2954,822.8115234375,0.27854147712847
"706","17","12","1","1",2959,981.49072265625,0.331696763317421
"707","17","12","1","2",2951,968.471099853516,0.32818403925907
"708","17","12","1","3",2961,950.176452636719,0.320897147124863
"709","17","13","1","1",2952,1103.6545715332,0.37386672477412
"710","17","13","1","2",2962,1159.00762939453,0.391292244900247
"711","17","13","1","3",2957,1299.24551391602,0.439379612416644
"712","17","14","1","1",2961,525.829925537109,0.177585250096964
"713","17","14","1","2",2955,492.450256347656,0.166649832943369
"714","17","14","1","3",2953,505.986511230469,0.171346600484412
"715","18","1","1","1",2951,674.564361572266,0.228588397686298
"716","18","1","1","2",2956,812.731689453125,0.274943061384684
"717","18","1","1","3",2961,741.328216552734,0.250364139328853
"718","18","2","1","1",2960,881.430084228516,0.297780433860985
"719","18","2","1","2",2956,729.522430419922,0.246793785663032
"720","18","2","1","3",2953,687.190307617188,0.232709213551367
"721","18","3","1","1",2957,762.9482421875,0.258014285487826
"722","18","3","1","2",2949,864.177368164062,0.293040816603616
"723","18","3","1","3",2962,769.410736083984,0.259760545605667
"724","18","4","1","1",2953,700.273742675781,0.237139770631826
"725","18","4","1","2",2962,809.231872558594,0.273204548466777
"726","18","4","1","3",2954,665.280029296875,0.225213280059876
"727","18","5","1","1",2962,597.861358642578,0.201843807779398
"728","18","5","1","2",2950,613.337677001953,0.207911076949815
"729","18","5","1","3",2956,545.968627929688,0.184698453291505
"730","18","6","1","1",2953,558.602844238281,0.189164525647911
"731","18","6","1","2",2956,534.425903320312,0.180793607347873
"732","18","6","1","3",2960,363.973999023438,0.122964188859269
"733","18","7","1","1",2962,673.009887695312,0.227214681868775
"734","18","7","1","2",2954,656.497344970703,0.222240130321836
"735","18","7","1","3",2953,550.480133056641,0.186413861515964
"736","18","8","1","1",2953,768.380920410156,0.260203494889995
"737","18","8","1","2",2952,738.529022216797,0.250179208068021
"738","18","8","1","3",2962,717.105010986328,0.242101624235762
"739","18","9","1","1",2955,886.702728271484,0.300068605168015
"740","18","9","1","2",2961,846.141998291016,0.285762241908482
"741","18","9","1","3",2952,776.364166259766,0.262995991280408
"742","18","10","1","1",2961,708.534973144531,0.239289082453405
"743","18","10","1","2",2950,677.809204101562,0.229765831898835
"744","18","10","1","3",2959,691.078582763672,0.233551396675793
"745","18","11","1","1",2953,821.545318603516,0.278207016120391
"746","18","11","1","2",2959,848.004699707031,0.286584893446107
"747","18","11","1","3",2957,773.776031494141,0.261676033646987
"748","18","12","1","1",2962,1030.23138427734,0.347816132436645
"749","18","12","1","2",2957,1072.09292602539,0.362561016579435
"750","18","12","1","3",2950,778.931457519531,0.264044561871028
"751","18","13","1","1",2952,1082.94387817383,0.366850907240457
"752","18","13","1","2",2956,1104.85668945312,0.373767486283195
"753","18","13","1","3",2958,1162.31854248047,0.39294068373241
"754","18","14","1","1",2960,532.809997558594,0.180003377553579
"755","18","14","1","2",2959,504.793151855469,0.170595860714927
"756","18","14","1","3",2951,429.383728027344,0.145504482557555
"757","19","1","1","1",2959,732.304962158203,0.247483934490775
"758","19","1","1","2",2951,823.282592773438,0.278984274067583
"759","19","1","1","3",2961,824.162933349609,0.27833938985127
"760","19","2","1","1",2951,667.481536865234,0.226188253766599
"761","19","2","1","2",2964,820.460205078125,0.276808436261176
"762","19","2","1","3",2955,755.469757080078,0.255658124223377
"763","19","3","1","1",2960,475.333435058594,0.160585619952228
"764","19","3","1","2",2955,718.205688476562,0.243047610313558
"765","19","3","1","3",2954,785.826538085938,0.266021170645206
"766","19","4","1","1",2952,365.639831542969,0.123861731552496
"767","19","4","1","2",2957,627.748199462891,0.212292255482885
"768","19","4","1","3",2961,777.939727783203,0.262728715901116
"769","19","5","1","1",2960,346.976135253906,0.117221667315509
"770","19","5","1","2",2957,432.998748779297,0.146431771653465
"771","19","5","1","3",2954,577.632019042969,0.195542321950903
"772","19","6","1","1",2953,497.500244140625,0.168472822262318
"773","19","6","1","2",2954,526.758361816406,0.178320366220855
"774","19","6","1","3",2961,599.667785644531,0.202522048512169
"775","19","7","1","1",2951,278.734130859375,0.0944541277056506
"776","19","7","1","2",2963,381.733581542969,0.128833473352335
"777","19","7","1","3",2954,392.336822509766,0.132815444316102
"778","19","8","1","1",2958,687.177429199219,0.232311504124144
"779","19","8","1","2",2954,711.025268554688,0.240699143044918
"780","19","8","1","3",2957,690.393890380859,0.233477812100392
"781","19","9","1","1",2950,479.275238037109,0.162466182385461
"782","19","9","1","2",2959,584.506530761719,0.197535157405109
"783","19","9","1","3",2959,547.948852539062,0.185180416539055
"784","19","10","1","1",2960,354.557250976562,0.119782855059649
"785","19","10","1","2",2956,459.400756835938,0.155412975925554
"786","19","10","1","3",2954,582.140014648438,0.19706838681396
"787","19","11","1","1",2950,737.251312255859,0.249915699069783
"788","19","11","1","2",2956,783.044067382812,0.264899887477271
"789","19","11","1","3",2960,894.539367675781,0.302209245836413
"790","19","12","1","1",2954,746.127136230469,0.252581968933808
"791","19","12","1","2",2960,791.89013671875,0.267530451594172
"792","19","12","1","3",2955,866.37158203125,0.293188352633249
"793","19","13","1","1",2959,326.886260986328,0.110471869207951
"794","19","13","1","2",2951,568.740966796875,0.192728216467935
"795","19","13","1","3",2960,748.674774169922,0.252930666949298
"796","19","14","1","1",2952,1015.44775390625,0.343986366499407
"797","19","14","1","2",2958,941.403594970703,0.31825679343161
"798","19","14","1","3",2957,912.693878173828,0.308655352781139
"799","20","1","1","1",2962,857.398559570312,0.289466090334339
"800","20","1","1","2",2956,822.914581298828,0.278387882712729
"801","20","1","1","3",2951,783.103088378906,0.265368718528941
"802","20","2","1","1",2954,745.504638671875,0.252371238548367
"803","20","2","1","2",2956,783.564758300781,0.265076034607842
"804","20","2","1","3",2957,572.325561523438,0.193549395171944
"805","20","3","1","1",2960,647.578308105469,0.218776455441037
"806","20","3","1","2",2958,656.014068603516,0.221776223327761
"807","20","3","1","3",2952,371.4765625,0.125838943936314
"808","20","4","1","1",2958,765.586120605469,0.258818837256751
"809","20","4","1","2",2953,698.765625,0.23662906366407
"810","20","4","1","3",2958,361.324493408203,0.122151620489589
"811","20","5","1","1",2953,455.173675537109,0.154139409257402
"812","20","5","1","2",2963,492.188690185547,0.16611160654254
"813","20","5","1","3",2951,575.890960693359,0.195151121888634
"814","20","6","1","1",2960,729.352172851562,0.246402761098501
"815","20","6","1","2",2956,664.176971435547,0.224687744058033
"816","20","6","1","3",2953,501.385467529297,0.169788509153165
"817","20","7","1","1",2954,494.839630126953,0.167515108370668
"818","20","7","1","2",2957,480.251831054688,0.162411846822688
"819","20","7","1","3",2958,353.029205322266,0.119347263462564
"820","20","8","1","1",2962,868.639282226562,0.293261067598434
"821","20","8","1","2",2956,806.1552734375,0.272718292773173
"822","20","8","1","3",2954,841.827362060547,0.284978795551979
"823","20","9","1","1",2954,727.232330322266,0.246185622993319
"824","20","9","1","2",2956,726.09326171875,0.24563371506047
"825","20","9","1","3",2959,675.054077148438,0.228135882780817
"826","20","10","1","1",2955,692.672729492188,0.234407015056578
"827","20","10","1","2",2961,658.447570800781,0.222373377507863
"828","20","10","1","3",2953,651.986572265625,0.220787867343591
"829","20","11","1","1",2960,916.203826904297,0.3095283199001
"830","20","11","1","2",2954,935.964202880859,0.316846378768063
"831","20","11","1","3",2959,912.728973388672,0.308458591885323
"832","20","12","1","1",2954,920.955444335938,0.311765553261996
"833","20","12","1","2",2959,916.337982177734,0.309678263662634
"834","20","12","1","3",2958,941.190795898438,0.318184853244908
"835","20","13","1","1",2962,639.349761962891,0.215850696138721
"836","20","13","1","2",2956,752.379577636719,0.254526244126089
"837","20","13","1","3",2955,737.692474365234,0.249642123304648
"838","20","14","1","1",2953,1033.66885375977,0.350040248479433
"839","20","14","1","2",2957,983.110809326172,0.332468991993971
"840","20","14","1","3",2958,1011.72814941406,0.342031152607864
"841","21","1","1","1",2956,738.264190673828,0.249751079388981
"842","21","1","1","2",2958,812.837921142578,0.274793076789242
"843","21","1","1","3",2956,823.634246826172,0.278631341957433
"844","21","2","1","1",2958,724.995941162109,0.245096667059537
"845","21","2","1","2",2951,640.085327148438,0.216904550033357
"846","21","2","1","3",2961,570.939758300781,0.192819911617961
"847","21","3","1","1",2952,755.698333740234,0.255995370508209
"848","21","3","1","2",2959,840.332977294922,0.283992219430524
"849","21","3","1","3",2955,871.098663330078,0.294788041736067
"850","21","4","1","1",2960,332.936614990234,0.112478586145349
"851","21","4","1","2",2953,563.977966308594,0.190984749850523
"852","21","4","1","3",2956,746.118377685547,0.25240811153097
"853","21","5","1","1",2956,441.414184570312,0.14932820858265
"854","21","5","1","2",2954,553.621154785156,0.187414067293553
"855","21","5","1","3",2958,761.367065429688,0.257392517048576
"856","21","6","1","1",2960,643.496948242188,0.217397617649388
"857","21","6","1","2",2954,706.166320800781,0.239054272444408
"858","21","6","1","3",2956,716.913024902344,0.242528086908777
"859","21","7","1","1",2956,588.68701171875,0.199149868646397
"860","21","7","1","2",2953,656.525695800781,0.222324990112015
"861","21","7","1","3",2960,675.095977783203,0.228072965467298
"862","21","8","1","1",2954,457.965087890625,0.155032189536434
"863","21","8","1","2",2958,637.392028808594,0.215480739962337
"864","21","8","1","3",2954,584.742858886719,0.197949512148517
"865","21","9","1","1",2960,552.594635009766,0.186687376692488
"866","21","9","1","2",2952,706.423889160156,0.239303485487858
"867","21","9","1","3",2958,872.859802246094,0.295084449711323
"868","21","10","1","1",2955,587.580627441406,0.198842851926026
"869","21","10","1","2",2956,584.673675537109,0.197792177109983
"870","21","10","1","3",2957,724.829681396484,0.245123328169254
"871","21","11","1","1",2961,723.822296142578,0.244451974381148
"872","21","11","1","2",2954,740.493621826172,0.250674888905271
"873","21","11","1","3",2956,924.275634765625,0.312677819609481
"874","21","12","1","1",2954,729.893188476562,0.247086387432824
"875","21","12","1","2",2958,611.2001953125,0.206626164743915
"876","21","12","1","3",2955,809.002349853516,0.273774060864134
"877","21","13","1","1",2956,846.857269287109,0.286487574183731
"878","21","13","1","2",2959,980.455627441406,0.331346950808181
"879","21","13","1","3",2951,1167.86001586914,0.395750598396862
"880","21","14","1","1",2959,1082.06811523438,0.365687095381675
"881","21","14","1","2",2954,1007.49176025391,0.341060176118452
"882","21","14","1","3",2959,1069.06524658203,0.361292749774259
"883","22","1","1","1",2956,667.489959716797,0.225808511406224
"884","22","1","1","2",2959,578.596496582031,0.195537849470102
"885","22","1","1","3",2957,399.491394042969,0.13510023471186
"886","22","2","1","1",2959,702.914123535156,0.237551241478593
"887","22","2","1","2",2956,628.195129394531,0.212515267048218
"888","22","2","1","3",2956,440.724700927734,0.149094959718449
"889","22","3","1","1",2953,934.232849121094,0.316367371866269
"890","22","3","1","2",2959,782.520782470703,0.264454471940082
"891","22","3","1","3",2956,658.919342041016,0.222909114357583
"892","22","4","1","1",2959,761.580718994141,0.257377735381595
"893","22","4","1","2",2956,728.396514892578,0.246412894077327
"894","22","4","1","3",2956,634.139465332031,0.214526206133975
"895","22","5","1","1",2956,724.693511962891,0.245160186726282
"896","22","5","1","2",2955,721.736236572266,0.244242381242729
"897","22","5","1","3",2961,623.819732666016,0.210678734436344
"898","22","6","1","1",2952,911.871887207031,0.30889969078829
"899","22","6","1","2",2960,783.403900146484,0.264663479779218
"900","22","6","1","3",2954,801.444122314453,0.27130809827842
"901","22","7","1","1",2955,805.212585449219,0.272491568679939
"902","22","7","1","2",2956,648.349700927734,0.219333457688679
"903","22","7","1","3",2958,593.977447509766,0.20080373479032
"904","22","8","1","1",2953,493.943389892578,0.167268333861354
"905","22","8","1","2",2959,567.089935302734,0.191649183948204
"906","22","8","1","3",2957,565.759796142578,0.191328980771924
"907","22","9","1","1",2959,848.703521728516,0.286821061753469
"908","22","9","1","2",2954,733.727600097656,0.248384427927439
"909","22","9","1","3",2957,708.768402099609,0.23969171528563
"910","22","10","1","1",2951,579.591644287109,0.196405165803832
"911","22","10","1","2",2958,648.259918212891,0.21915480669807
"912","22","10","1","3",2959,584.744812011719,0.197615685032686
"913","22","11","1","1",2954,721.485076904297,0.244240039574914
"914","22","11","1","2",2958,721.675262451172,0.24397405762379
"915","22","11","1","3",2954,658.491119384766,0.222915070881776
"916","22","12","1","1",2956,827.385650634766,0.27990042308348
"917","22","12","1","2",2954,874.49462890625,0.296037450543754
"918","22","12","1","3",2961,626.720306396484,0.211658327050484
"919","22","13","1","1",2955,1161.5305480957,0.393072943518004
"920","22","13","1","2",2958,1160.46334838867,0.392313505202391
"921","22","13","1","3",2955,1061.07598876953,0.359078168788335
"922","22","14","1","1",2959,1054.25985717773,0.356289238654185
"923","22","14","1","2",2953,1021.00045776367,0.34575023967615
"924","22","14","1","3",2958,936.393035888672,0.316562892457293
"925","23","1","1","1",2954,242.105682373047,0.0819585925433469
"926","23","1","1","2",2959,524.700531005859,0.177323599528847
"927","23","1","1","3",2954,499.742431640625,0.169174824522893
"928","23","2","1","1",2958,157.380828857422,0.0532051483628877
"929","23","2","1","2",2957,447.206146240234,0.151236437686924
"930","23","2","1","3",2952,450.580261230469,0.15263558984772
"931","23","3","1","1",2957,98.1245727539062,0.0331838257537728
"932","23","3","1","2",2954,104.775177001953,0.0354689157081764
"933","23","3","1","3",2960,159.921600341797,0.0540275676830395
"934","23","4","1","1",2957,513.336090087891,0.173600301010447
"935","23","4","1","2",2960,578.852630615234,0.195558321153795
"936","23","4","1","3",2951,640.746063232422,0.217128452467781
"937","23","5","1","1",2957,345.648620605469,0.116891653907835
"938","23","5","1","2",2956,508.528137207031,0.172032522735802
"939","23","5","1","3",2956,478.37646484375,0.161832362937669
"940","23","6","1","1",2955,583.0595703125,0.197312883354484
"941","23","6","1","2",2960,555.509338378906,0.187672073776658
"942","23","6","1","3",2952,526.552917480469,0.178371584512354
"943","23","7","1","1",2961,161.139892578125,0.0544207675035883
"944","23","7","1","2",2954,126.023315429688,0.0426619212693593
"945","23","7","1","3",2954,162.934143066406,0.055157123583753
"946","23","8","1","1",2956,552.251098632812,0.186823781675512
"947","23","8","1","2",2957,602.990661621094,0.203919736767363
"948","23","8","1","3",2959,555.731536865234,0.187810590356619
"949","23","9","1","1",2957,399.200286865234,0.135001787915196
"950","23","9","1","2",2959,373.266510009766,0.126146167627498
"951","23","9","1","3",2951,355.950103759766,0.120620163930791
"952","23","10","1","1",2956,451.867279052734,0.152864438109856
"953","23","10","1","2",2956,499.810821533203,0.169083498488905
"954","23","10","1","3",2959,598.434967041016,0.202242300453199
"955","23","11","1","1",2956,486.710906982422,0.164651862984581
"956","23","11","1","2",2961,534.808563232422,0.180617549217299
"957","23","11","1","3",2955,601.416534423828,0.203525053950534
"958","23","12","1","1",2961,772.071044921875,0.260746722364699
"959","23","12","1","2",2952,757.911590576172,0.256745118758866
"960","23","12","1","3",2958,743.540649414062,0.251366007239372
"961","23","13","1","1",2954,901.044982910156,0.305025383517318
"962","23","13","1","2",2960,994.909362792969,0.336118027970598
"963","23","13","1","3",2958,1046.29168701172,0.353715918529993
"964","23","14","1","1",2959,829.635650634766,0.280377036375385
"965","23","14","1","2",2957,834.657745361328,0.282265047467477
"966","23","14","1","3",2953,827.833984375,0.280336601549272
"967","24","1","1","1",2955,641.310668945312,0.217025607088092
"968","24","1","1","2",2953,573.635833740234,0.194255277257106
"969","24","1","1","3",2963,497.317749023438,0.167842642262382
"970","24","2","1","1",2956,690.543548583984,0.23360742509607
"971","24","2","1","2",2959,681.343963623047,0.230261562562706
"972","24","2","1","3",2953,586.755676269531,0.198698163315114
"973","24","3","1","1",2957,156.860931396484,0.0530473220820035
"974","24","3","1","2",2953,136.544067382812,0.0462391017212369
"975","24","3","1","3",2958,93.8476257324219,0.0317267159338816
"976","24","4","1","1",2953,496.411041259766,0.168103976044621
"977","24","4","1","2",2960,491.321685791016,0.165987056010478
"978","24","4","1","3",2955,570.922515869141,0.193205589126613
"979","24","5","1","1",2961,667.621276855469,0.225471555844468
"980","24","5","1","2",2951,524.085601806641,0.17759593419405
"981","24","5","1","3",2956,514.470825195312,0.17404290432859
"982","24","6","1","1",2955,691.513427734375,0.23401469635681
"983","24","6","1","2",2953,754.190979003906,0.255398231968814
"984","24","6","1","3",2963,601.529296875,0.203013600025312
"985","24","7","1","1",2957,164.745819091797,0.0557138380425421
"986","24","7","1","2",2957,125.579315185547,0.0424684867046151
"987","24","7","1","3",2953,94.9782409667969,0.0321633054408388
"988","24","8","1","1",2956,766.221130371094,0.259208772114714
"989","24","8","1","2",2952,730.984832763672,0.247623588334577
"990","24","8","1","3",2960,608.039703369141,0.205418818705791
"991","24","9","1","1",2956,545.849670410156,0.18465821055824
"992","24","9","1","2",2959,525.154296875,0.177476950616762
"993","24","9","1","3",2954,459.271209716797,0.155474343167501
"994","24","10","1","1",2962,614.751617431641,0.207546123373275
"995","24","10","1","2",2949,592.836059570312,0.201029521726115
"996","24","10","1","3",2958,508.95654296875,0.172061035486393
"997","24","11","1","1",2954,586.966186523438,0.198702161991685
"998","24","11","1","2",2956,488.744537353516,0.165339829957211
"999","24","11","1","3",2960,500.917510986328,0.169228888846732
"1000","24","12","1","1",2959,849.633850097656,0.287135468096538
"1001","24","12","1","2",2957,836.606201171875,0.282923977400025
"1002","24","12","1","3",2950,735.524871826172,0.249330465025821
"1003","24","13","1","1",2955,966.597381591797,0.327105712890625
"1004","24","13","1","2",2954,971.602630615234,0.328910843133119
"1005","24","13","1","3",2960,990.548431396484,0.33464474033665
"1006","24","14","1","1",2957,938.681854248047,0.317443981822133
"1007","24","14","1","2",2961,928.624816894531,0.313618648056242
"1008","24","14","1","3",2951,887.479217529297,0.300738467478582
"1009","25","1","1","1",2959,496.404052734375,0.167760747798031
"1010","25","1","1","2",2953,574.528198242188,0.194557466387466
"1011","25","1","1","3",2958,435.706481933594,0.147297661235157
"1012","25","2","1","1",2953,131.193359375,0.0444271450643413
"1013","25","2","1","2",2961,258.921478271484,0.0874439305205959
"1014","25","2","1","3",2957,407.970245361328,0.137967617639949
"1015","25","3","1","1",2961,564.417572021484,0.190617214461832
"1016","25","3","1","2",2956,557.581451416016,0.188627013334241
"1017","25","3","1","3",2954,810.464660644531,0.274361767313653
"1018","25","4","1","1",2954,332.171508789062,0.112448039535905
"1019","25","4","1","2",2955,398.132171630859,0.134731699367465
"1020","25","4","1","3",2964,472.409454345703,0.159382406999225
"1021","25","5","1","1",2957,275.571746826172,0.0931930154975218
"1022","25","5","1","2",2960,509.229827880859,0.172037104013804
"1023","25","5","1","3",2953,665.944641113281,0.225514609249333
"1024","25","6","1","1",2954,376.870910644531,0.127579861423335
"1025","25","6","1","2",2954,775.499816894531,0.262525327317038
"1026","25","6","1","3",2959,851.751098632812,0.287850996496388
"1027","25","7","1","1",2951,468.700958251953,0.158827840817334
"1028","25","7","1","2",2963,819.718414306641,0.276651506684658
"1029","25","7","1","3",2955,799.599365234375,0.270592001771362
"1030","25","8","1","1",2961,667.281372070312,0.225356761928508
"1031","25","8","1","2",2952,691.312194824219,0.234184347840182
"1032","25","8","1","3",2956,742.880676269531,0.251312813352345
"1033","25","9","1","1",2951,604.601379394531,0.204880169228916
"1034","25","9","1","2",2957,735.151031494141,0.248613808418715
"1035","25","9","1","3",2962,780.968566894531,0.263662581665946
"1036","25","10","1","1",2956,236.288665771484,0.0799352725884589
"1037","25","10","1","2",2959,360.4404296875,0.12181156799172
"1038","25","10","1","3",2951,378.603210449219,0.128296580972287
"1039","25","11","1","1",2952,565.088775634766,0.191425737003647
"1040","25","11","1","2",2954,720.758697509766,0.243994142691187
"1041","25","11","1","3",2961,780.294494628906,0.263523976571735
"1042","25","12","1","1",2953,912.517303466797,0.309013648312495
"1043","25","12","1","2",2963,1024.59048461914,0.345794966121883
"1044","25","12","1","3",2955,1119.56118774414,0.378870114295817
"1045","25","13","1","1",2961,706.586029052734,0.238630877761815
"1046","25","13","1","2",2950,958.668640136719,0.324972420385328
"1047","25","13","1","3",2958,1022.68121337891,0.345734013988812
"1048","25","14","1","1",2950,1104.65805053711,0.374460356114274
"1049","25","14","1","2",2959,1088.32092285156,0.367800244289139
"1050","25","14","1","3",2959,1205.71737670898,0.407474611932742
"1051","26","1","1","1",2960,635.674499511719,0.214754898483689
"1052","26","1","1","2",2957,599.682312011719,0.202800917149719
"1053","26","1","1","3",2949,610.192993164062,0.206915223182117
"1054","26","2","1","1",2955,484.46875,0.163948815566836
"1055","26","2","1","2",2953,498.231750488281,0.16872053860084
"1056","26","2","1","3",2962,349.749755859375,0.118078918250971
"1057","26","3","1","1",2958,786.510894775391,0.265892797422377
"1058","26","3","1","2",2961,689.711334228516,0.232931892681025
"1059","26","3","1","3",2951,558.7763671875,0.189351530731108
"1060","26","4","1","1",2959,600.947235107422,0.203091326497946
"1061","26","4","1","2",2953,433.18359375,0.146692717152049
"1062","26","4","1","3",2956,449.992706298828,0.152230279532756
"1063","26","5","1","1",2953,637.292633056641,0.21581193127553
"1064","26","5","1","2",2962,505.950469970703,0.170813798099495
"1065","26","5","1","3",2954,555.811004638672,0.188155384102462
"1066","26","6","1","1",2963,863.490539550781,0.29142441429321
"1067","26","6","1","2",2954,849.669494628906,0.287633545913645
"1068","26","6","1","3",2951,716.082214355469,0.242657476907987
"1069","26","7","1","1",2953,793.029296875,0.268550388376228
"1070","26","7","1","2",2955,832.777984619141,0.281819960954024
"1071","26","7","1","3",2960,624.552215576172,0.210997370127085
"1072","26","8","1","1",2959,689.868530273438,0.233142457003527
"1073","26","8","1","2",2960,759.871398925781,0.256713310447899
"1074","26","8","1","3",2950,642.224426269531,0.217703195345604
"1075","26","9","1","1",2956,756.116607666016,0.255790462674566
"1076","26","9","1","2",2953,788.632995605469,0.267061630750243
"1077","26","9","1","3",2958,688.0498046875,0.232606424843644
"1078","26","10","1","1",2954,391.815307617188,0.132638898990246
"1079","26","10","1","2",2963,411.5146484375,0.138884457791934
"1080","26","10","1","3",2954,362.389801025391,0.122677657760796
"1081","26","11","1","1",2963,716.594299316406,0.241847552924876
"1082","26","11","1","2",2952,544.135925292969,0.184327887971873
"1083","26","11","1","3",2956,501.348602294922,0.169603722021286
"1084","26","12","1","1",2953,1065.86761474609,0.36094399415716
"1085","26","12","1","2",2958,1103.16864013672,0.372944097409303
"1086","26","12","1","3",2961,913.531036376953,0.308521120019234
"1087","26","13","1","1",2960,984.230285644531,0.332510231636666
"1088","26","13","1","2",2959,1093.56484985352,0.369572439964013
"1089","26","13","1","3",2951,995.73681640625,0.337423523011267
"1090","26","14","1","1",2954,1252.78094482422,0.424096460671706
"1091","26","14","1","2",2954,1261.32821655273,0.426989917587249
"1092","26","14","1","3",2961,1167.37249755859,0.394249408158931
"1093","27","1","1","1",2955,652.572906494141,0.220836854989557
"1094","27","1","1","2",2961,834.682434082031,0.281892075002375
"1095","27","1","1","3",2955,884.905059814453,0.299460257128411
"1096","27","2","1","1",2959,499.774658203125,0.168899850693858
"1097","27","2","1","2",2951,453.650665283203,0.153727775426365
"1098","27","2","1","3",2959,648.626434326172,0.219204607747946
"1099","27","3","1","1",2949,749.273559570312,0.254077164995019
"1100","27","3","1","2",2961,664.503662109375,0.224418663326368
"1101","27","3","1","3",2957,747.751739501953,0.252875123267485
"1102","27","4","1","1",2960,376.736328125,0.127275786528716
"1103","27","4","1","2",2956,482.620697021484,0.16326816543352
"1104","27","4","1","3",2952,622.716827392578,0.210947434753583
"1105","27","5","1","1",2954,268.776031494141,0.0909871467481857
"1106","27","5","1","2",2951,221.403015136719,0.075026436847414
"1107","27","5","1","3",2963,294.414001464844,0.0993634834508416
"1108","27","6","1","1",2959,714.336456298828,0.241411441804268
"1109","27","6","1","2",2957,755.813720703125,0.255601528814043
"1110","27","6","1","3",2955,846.404357910156,0.286431254791931
"1111","27","7","1","1",2958,136.140930175781,0.0460246552318395
"1112","27","7","1","2",2950,150.567230224609,0.0510397390591896
"1113","27","7","1","3",2959,165.375366210938,0.0558889375501648
"1114","27","8","1","1",2952,701.125457763672,0.237508623903683
"1115","27","8","1","2",2961,730.641723632812,0.246755056951304
"1116","27","8","1","3",2955,788.264739990234,0.266756257187897
"1117","27","9","1","1",2964,558.417236328125,0.188399877303686
"1118","27","9","1","2",2950,718.731811523438,0.243637902211335
"1119","27","9","1","3",2956,809.180358886719,0.273741664034749
"1120","27","10","1","1",2954,440.379119873047,0.149078916680111
"1121","27","10","1","2",2953,367.402893066406,0.124416827994042
"1122","27","10","1","3",2961,500.933563232422,0.169177157457758
"1123","27","11","1","1",2959,755.735076904297,0.255402188882831
"1124","27","11","1","2",2957,791.202026367188,0.267569166847206
"1125","27","11","1","3",2953,834.165222167969,0.282480603510995
"1126","27","12","1","1",2956,1030.59652709961,0.348645645162249
"1127","27","12","1","2",2952,1061.26940917969,0.359508607445694
"1128","27","12","1","3",2959,1130.70062255859,0.382122549022843
"1129","27","13","1","1",2954,936.2919921875,0.316957343326845
"1130","27","13","1","2",2962,1033.30920410156,0.348855234335436
"1131","27","13","1","3",2953,1092.97860717773,0.370124824645355
"1132","27","14","1","1",2962,1047.65811157227,0.353699565014269
"1133","27","14","1","2",2952,1088.29144287109,0.368662412896712
"1134","27","14","1","3",2956,1123.38793945312,0.380036515376565
"1135","28","1","1","1",2952,684.772216796875,0.231968908129023
"1136","28","1","1","2",2960,719.927978515625,0.243218911660684
"1137","28","1","1","3",2958,598.0546875,0.202182112068966
"1138","28","2","1","1",2961,598.478637695312,0.202120445016992
"1139","28","2","1","2",2958,635.980163574219,0.215003435961534
"1140","28","2","1","3",2952,610.545959472656,0.206824512016482
"1141","28","3","1","1",2954,764.854400634766,0.25892159804833
"1142","28","3","1","2",2954,702.789123535156,0.23791100999836
"1143","28","3","1","3",2963,615.913116455078,0.207868078452608
"1144","28","4","1","1",2958,660.375244140625,0.2232505896351
"1145","28","4","1","2",2960,648.063446044922,0.218940353393555
"1146","28","4","1","3",2956,500.213775634766,0.169219815843967
"1147","28","5","1","1",2959,342.844573974609,0.115865013171548
"1148","28","5","1","2",2953,326.883941650391,0.110695544073956
"1149","28","5","1","3",2958,250.093444824219,0.0845481557891206
"1150","28","6","1","1",2949,721.683654785156,0.244721483480894
"1151","28","6","1","2",2962,693.391326904297,0.234095653917723
"1152","28","6","1","3",2956,759.565704345703,0.256957274812484
"1153","28","7","1","1",2960,156.522369384766,0.0528791788462046
"1154","28","7","1","2",2956,185.257415771484,0.0626716562149812
"1155","28","7","1","3",2955,155.528747558594,0.0526324018810808
"1156","28","8","1","1",2952,836.023773193359,0.283205885228103
"1157","28","8","1","2",2955,824.915252685547,0.279159137964652
"1158","28","8","1","3",2961,638.553070068359,0.215654532275704
"1159","28","9","1","1",2956,728.178924560547,0.246339284357425
"1160","28","9","1","2",2958,766.385650634766,0.259089131384302
"1161","28","9","1","3",2956,635.776000976562,0.215079837948769
"1162","28","10","1","1",2954,537.891052246094,0.182089049507818
"1163","28","10","1","2",2954,518.232391357422,0.175434120297028
"1164","28","10","1","3",2959,451.289764404297,0.152514283340418
"1165","28","11","1","1",2950,869.859619140625,0.294867667505297
"1166","28","11","1","2",2963,879.536773681641,0.296839950618171
"1167","28","11","1","3",2954,761.329345703125,0.257728282228546
"1168","28","12","1","1",2960,1154.18435668945,0.389927147530221
"1169","28","12","1","2",2954,1153.0315246582,0.390328884447598
"1170","28","12","1","3",2957,1065.26007080078,0.360250277578891
"1171","28","13","1","1",2952,1110.93322753906,0.376332394152799
"1172","28","13","1","2",2957,1043.61993408203,0.352932003409547
"1173","28","13","1","3",2959,1036.47384643555,0.350278420559495
"1174","28","14","1","1",2957,1124.01095581055,0.380118686442525
"1175","28","14","1","2",2958,1167.92727661133,0.394836807508901
"1176","28","14","1","3",2954,1187.7629699707,0.402086313463339
